municipality_name,psgc_code,province_psgc,region_psgc,area_sqkm,has_zone,zone_count,total_zone_area_ha,has_manufacturing,has_agro,earliest_op_date,pop_density_mean_2020,pop_total_2020,nightlights_mean_2018,nightlights_median_2018,builtup_fraction_2020,dist_nearest_airport_km,dist_nearest_primary_road_km
Baungon,1001301000,1001300000,1000000000,423.13178579155345,0,0,0,FALSE,FALSE,NA,127.310791015625,63403.17578125,0.04464936628937721,0.09027390852171495,1795.5577392578125,49.21074245584124,12.066680228265959
Damulog,1001302000,1001300000,1000000000,173.09579435891152,0,0,0,FALSE,FALSE,NA,223.52076721191406,45426.734375,0.024210825562477112,0.10371546770836441,1782.166259765625,60.783873938256264,2.9973608379492087
Dangcagan,1001303000,1001300000,1000000000,73.57853079270564,0,0,0,FALSE,FALSE,NA,315.0947570800781,27225.91015625,0.19128336012363434,0.14420803727903678,5775.9599609375,76.41352958077687,1.0586779022859607
Don Carlos,1001304000,1001300000,1000000000,217.63312225541043,0,0,0,FALSE,FALSE,NA,306.25384521484375,78304.0078125,0.0732349082827568,0.12434774198947264,6019.484375,86.48354966611699,6.8281422356217485
Impasug-ong,1001305000,1001300000,1000000000,959.5201001100268,0,0,0,FALSE,FALSE,NA,59.4891357421875,67142.8125,0.01968877762556076,0.08069893259594768,1092.1728515625,73.3936214075719,15.710075664977916
Kadingilan,1001306000,1001300000,1000000000,167.55823690782708,0,0,0,FALSE,FALSE,NA,186.7696533203125,36757.5859375,0.03498014062643051,0.1267863669731486,3370.120361328125,69.74293406672982,7.436234467219593
Kalilangan,1001307000,1001300000,1000000000,218.7377131059213,0,0,0,FALSE,FALSE,NA,184.7945556640625,47519.61328125,0.019496046006679535,0.10380643304862336,4170.375,89.20168931286291,3.1753724199615223
Kibawe,1001308000,1001300000,1000000000,175.0539831466844,0,0,0,FALSE,FALSE,NA,177.7409210205078,36532.6640625,0.07909797877073288,0.10429908520142941,3722.787353515625,68.12531944715373,5.094872397747715
Kitaotao,1001309000,1001300000,1000000000,389.0182303592316,0,0,0,FALSE,FALSE,NA,153.048095703125,69888.8125,0.011635092087090015,0.11664221186485405,1653.708984375,73.37046138389142,3.823550042646978
Lantapan,1001310000,1001300000,1000000000,357.5958864163011,0,0,0,FALSE,FALSE,NA,179.53948974609375,75483.421875,0.03224100172519684,0.09748877368085677,2901.587158203125,84.09409736921418,3.7839149846961537
Libona,1001311000,1001300000,1000000000,271.8095299884434,0,0,0,FALSE,FALSE,NA,166.80332946777344,53369.1328125,0.06893204897642136,0.09935480594133915,4373.15625,45.07350051050236,10.578839610172544
City of Malaybalay,1001312000,1001300000,1000000000,1009.0428909578658,0,0,0,FALSE,FALSE,NA,148.68673706054688,176347.6875,0.08962301164865494,0.08731619208011829,4000.050048828125,93.68115332400923,5.796056060049656
Malitbog,1001313000,1001300000,1000000000,383.28827400206734,0,0,0,FALSE,FALSE,NA,60.02941131591797,27084.560546875,0.00540486816316843,0.11036769789279262,1001.7227783203125,55.57342032505039,11.423988481917604
Manolo Fortich,1001314000,1001300000,1000000000,438.63544683614487,1,1,46.17,FALSE,TRUE,NA,267.57391357421875,138126.828125,0.25831738114356995,0.08352136300107302,6085.7060546875,54.578630619473444,0.06580448394527885
Maramag,1001315000,1001300000,1000000000,321.90020406389306,0,0,0,FALSE,FALSE,NA,286.1302490234375,108100.015625,0.2542194426059723,0.11469493678243937,7161.2451171875,99.82284721603229,4.257780745668576
Pangantucan,1001316000,1001300000,1000000000,432.69531350197445,0,0,0,FALSE,FALSE,NA,109.73517608642578,55813.296875,0.02650752291083336,0.078970263933054,2619.83203125,96.9375845632815,2.2311374197346643
Quezon,1001317000,1001300000,1000000000,650.2833672201235,0,0,0,FALSE,FALSE,NA,169.19041442871094,128755.546875,0.08259499818086624,0.11343115731360624,2490.56640625,84.0029643234429,5.930766679577423
San Fernando,1001318000,1001300000,1000000000,608.5791889450853,0,0,0,FALSE,FALSE,NA,113.35345458984375,80982.2421875,0.004268686752766371,0.10017073690646085,1200.734375,82.92906353913989,3.92922371011215
Sumilao,1001319000,1001300000,1000000000,169.15599850720835,0,0,0,FALSE,FALSE,NA,188.19815063476562,37453.32421875,0.07118049263954163,0.0914787565729245,3297.691650390625,63.98442665295283,5.872893530435817
Talakag,1001320000,1001300000,1000000000,982.8214966549315,0,0,0,FALSE,FALSE,NA,107.84222412109375,124693.859375,0.00744407344609499,0.10595768782514262,931.94805908203125,66.9745530213581,4.630679519965282
City of Valencia,1001321000,1001300000,1000000000,671.2590808606659,0,0,0,FALSE,FALSE,NA,326.37982177734375,257425.359375,0.2084474265575409,0.1138007331334811,5816.876953125,103.75808532271049,0.40340196993191985
Cabanglasan,1001322000,1001300000,1000000000,308.62687322748496,0,0,0,FALSE,FALSE,NA,97.05894470214844,35188.828125,0.006269924808293581,0.10407910749630334,1803.978515625,98.85727512356011,0.21558756854091868
Catarman,1001801000,1001800000,1000000000,74.04647835634208,0,0,0,FALSE,FALSE,NA,163.10324096679688,14250.2578125,0.0066688754595816135,0.07403370914406746,2665.613525390625,10.149798218952117,3.65904628025255
Guinsiliban,1001802000,1001800000,1000000000,30.20287436694552,0,0,0,FALSE,FALSE,NA,130.97738647460938,4666.01318359375,0.03517358750104904,0.08499011863842684,2296.452392578125,16.454347951880976,1.7650703376553931
Mahinog,1001803000,1001800000,1000000000,30.703528623933362,0,0,0,FALSE,FALSE,NA,352.4711608886719,12739.87890625,0.012900055386126041,0.15928325634096926,6667.8427734375,11.575616761546245,1.9144424860854437
Mambajao,1001804000,1001800000,1000000000,73.07065430137644,0,0,0,FALSE,FALSE,NA,380.39501953125,32798.8671875,0.12782056629657745,0.11976503491105649,9126.0703125,3.7207520635009543,3.2475122647091825
Sagay,1001805000,1001800000,1000000000,35.4962472646634,0,0,0,FALSE,FALSE,NA,260.0042724609375,10887.0615234375,0.027492104098200798,0.10280689035968635,2705.80859375,14.144807162095942,2.7111419005339954
Bacolod,1003501000,1003500000,1000000000,63.55841507150915,0,0,0,FALSE,FALSE,NA,321.56988525390625,24083.296875,0.040373995900154114,0.12861598719195896,3000.9462890625,20.70812622240193,3.8203431562322954
Baloi,1003502000,1003500000,1000000000,64.96114648087057,1,1,13.9012,FALSE,TRUE,NA,978.93292236328125,74899.75,0.3960248827934265,0.25382941177380414,5390.11669921875,42.417653779887836,0.2568387176570257
Baroy,1003503000,1003500000,1000000000,49.3084438670056,0,0,0,FALSE,FALSE,NA,284.61505126953125,16535.765625,0.1392136961221695,0.15736825174912458,10049.0810546875,22.264964090089098,2.942701937764009
Kapatagan,1003505000,1003500000,1000000000,134.91735098187183,0,0,0,FALSE,FALSE,NA,513.512939453125,81628.046875,0.04025241732597351,0.11037986012763504,8692.212890625,30.969157164624818,0.16117363847069308
Sultan Naga Dimaporo,1003506000,1003500000,1000000000,210.06541475951767,0,0,0,FALSE,FALSE,NA,294.18182373046875,72791.3125,0.0027964464388787746,0.12940934125011594,3119.8203125,31.689288644476978,2.0577183767452745
Kauswagan,1003507000,1003500000,1000000000,70.60282556825116,0,0,0,FALSE,FALSE,NA,439.1327209472656,36528.70703125,0.3192291259765625,0.1474163161369431,3577.281982421875,27.257822862939452,4.274416493050974
Kolambugan,1003508000,1003500000,1000000000,66.74677974656457,0,0,0,FALSE,FALSE,NA,319.9204406738281,25163.935546875,0.031653162091970444,0.09332546273522517,3561.11328125,11.386494303195212,2.1245388415315487
Lala,1003509000,1003500000,1000000000,123.09890514882578,0,0,0,FALSE,FALSE,NA,549.32806396484375,79679.546875,0.01639464683830738,0.07940069988290871,9055.533203125,26.40941147744486,1.4646239336028797
Linamon,1003510000,1003500000,1000000000,18.572802390911622,0,0,0,FALSE,FALSE,NA,487.0971374511719,10658.03125,0.28757962584495544,0.2565023045589863,7848.20556640625,34.506368766842904,0.523856039142852
Magsaysay,1003511000,1003500000,1000000000,90.09655221004837,0,0,0,FALSE,FALSE,NA,312.2344665527344,33142.87109375,0,0,1236.6181640625,20.587350804129382,7.78531101526331
Maigo,1003512000,1003500000,1000000000,91.11116036910911,0,0,0,FALSE,FALSE,NA,183.44248962402344,19694.41796875,0.025050219148397446,0.13651422263674248,2428.306640625,16.171312900366633,5.022014752266246
Matungao,1003513000,1003500000,1000000000,34.849857737343086,0,0,0,FALSE,FALSE,NA,381.091552734375,15644.1669921875,0.08491619676351547,0.15844631242371843,1767.2740478515625,36.599965997345244,0.6019227040636119
Munai,1003514000,1003500000,1000000000,140.42539251035856,0,0,0,FALSE,FALSE,NA,385.4856262207031,63761.95703125,0,0,982.6263427734375,29.482956029720352,16.994468952065194
Nunungan,1003515000,1003500000,1000000000,220.125317451398,0,0,0,FALSE,FALSE,NA,60.89883804321289,15785.0517578125,0,0,250.4855499267578,44.07657683205038,10.774392797829545
Pantao Ragat,1003516000,1003500000,1000000000,50.058998974670565,0,0,0,FALSE,FALSE,NA,467.1226501464844,27539.91796875,0.14321036636829376,0.1254765463197593,1646.4991455078125,38.48859211717529,7.083454453837572
Poona Piagapo,1003517000,1003500000,1000000000,65.42262564160002,0,0,0,FALSE,FALSE,NA,443.8185729980469,34203.34375,0,0,1910.5152587890625,32.05158565460121,6.362732150353213
Salvador,1003518000,1003500000,1000000000,92.14674617845377,0,0,0,FALSE,FALSE,NA,453.9844665527344,49275.97265625,0.01120753213763237,0.058553289021592715,2945.353271484375,30.879673952800694,4.235529820935039
Sapad,1003519000,1003500000,1000000000,117.6820960013197,0,0,0,FALSE,FALSE,NA,250.09303283691406,34665.1015625,3.0242705179261975e-5,0.11311705410480499,2072.415771484375,38.030191686352204,7.505741580840756
Tagoloan,1003520000,1003500000,1000000000,108.69519011576227,0,0,0,FALSE,FALSE,NA,157.168212890625,20119.291015625,0.0036583372857421637,0.24078455812800412,1444.809814453125,52.32844075897205,5.2339378643737176
Tangcal,1003521000,1003500000,1000000000,69.53084597544499,0,0,0,FALSE,FALSE,NA,318.0492858886719,26052.357421875,0,0,1220.560791015625,22.597426974668757,12.690006858529076
Tubod,1003522000,1003500000,1000000000,167.24995006328282,0,0,0,FALSE,FALSE,NA,293.964599609375,57923.30859375,0.06881212443113327,0.11013765251276414,3996.2958984375,22.63299191579308,2.7860097788305445
Pantar,1003523000,1003500000,1000000000,60.34726584753801,0,0,0,FALSE,FALSE,NA,273.2561950683594,19418.37109375,0.043207839131355286,0.1626655272340393,1630.9119873046875,50.360278024812324,3.8922278034381206
Aloran,1004201000,1004200000,1000000000,110.45345356742749,0,0,0,FALSE,FALSE,NA,285.5312194824219,37201.99609375,0.017230436205863953,0.158043198902425,4583.4150390625,25.494608977271227,7.171604962518945
Baliangao,1004202000,1004200000,1000000000,59.05910885880038,0,0,0,FALSE,FALSE,NA,267.5479736328125,18653.732421875,0,0,4656.63427734375,30.495773264686207,4.365955683170632
Bonifacio,1004203000,1004200000,1000000000,109.92713714223237,0,0,0,FALSE,FALSE,NA,284.7801208496094,36908.24609375,0.006472959648817778,0.10452930672025702,4258.07861328125,28.876364376156605,3.5585304882602586
Calamba,1004204000,1004200000,1000000000,64.20479141724313,0,0,0,FALSE,FALSE,NA,291.0076904296875,22051.0078125,0.04087689518928528,0.09955541485454622,5593.740234375,34.061376174414406,2.390302063585219
Clarin,1004205000,1004200000,1000000000,78.28818982023674,0,0,0,FALSE,FALSE,NA,412.6573486328125,38090.00390625,0.053560156375169754,0.12929751674617776,8177.09765625,8.634398148641003,8.412420310172116
Concepcion,1004206000,1004200000,1000000000,47.96484775101284,0,0,0,FALSE,FALSE,NA,61.71006393432617,3492.55615234375,0,0,938.0736083984375,35.153843546712444,12.332576779995685
Jimenez,1004207000,1004200000,1000000000,84.55550609396337,0,0,0,FALSE,FALSE,NA,290.096435546875,28929.7109375,0.047092441469430923,0.14724822025439097,5617.5,18.911079796120443,8.325268449652956
Lopez Jaena,1004208000,1004200000,1000000000,113.06236479995378,0,0,0,FALSE,FALSE,NA,194.6743927001953,25972.634765625,0.010657633654773235,0.13906212677399393,2606.970458984375,38.67863017707844,1.4710348499736348
City of Oroquieta,1004209000,1004200000,1000000000,153.48878573152294,0,0,0,FALSE,FALSE,NA,406.91009521484375,73686.6875,0.1633637547492981,0.10732224346921695,8228.1376953125,32.47925359759227,1.2235474570084346
City of Ozamiz,1004210000,1004200000,1000000000,150.00276022324832,0,0,0,FALSE,FALSE,NA,803.31524658203125,142052.359375,0.22815851867198944,0.08733930617339755,14988.86328125,7.637294168650443,4.674792508576257
Panaon,1004211000,1004200000,1000000000,34.0722756922568,0,0,0,FALSE,FALSE,NA,288.9306640625,11610.841796875,0,0,7030.48681640625,21.07975235963279,4.836654267131113
Plaridel,1004212000,1004200000,1000000000,81.85895069193768,0,0,0,FALSE,FALSE,NA,409.0388488769531,39520.82421875,0.02846444770693779,0.16120207662618272,6473.69873046875,38.56797992242279,1.4402031848783918
Sapang Dalaga,1004213000,1004200000,1000000000,121.98285895102293,0,0,0,FALSE,FALSE,NA,224.58685302734375,32334.544921875,0.011213036254048347,0.09606969715980387,1540.701171875,28.863909014654258,3.817306295278192
Sinacaban,1004214000,1004200000,1000000000,89.71148735094911,0,0,0,FALSE,FALSE,NA,225.73776245117188,23882.42578125,0,0,3028.204833984375,15.996977819327203,9.5744393290655
City of Tangub,1004215000,1004200000,1000000000,179.37287536484683,0,0,0,FALSE,FALSE,NA,292.6897277832031,61892,0.06410834193229675,0.0828294264251608,5438.591796875,18.912422462044738,5.440185197707009
Tudela,1004216000,1004200000,1000000000,114.78421787600236,0,0,0,FALSE,FALSE,NA,262.42822265625,35520.0703125,0.0196220800280571,0.10009489245770048,3678.174072265625,12.712856387073602,10.26187681567076
Don Victoriano Chiongbian,1004217000,1004200000,1000000000,282.20245089177655,0,0,0,FALSE,FALSE,NA,21.786441802978516,7251.81787109375,0,0,592.8602294921875,27.362445291240252,8.173177682231804
Alubijid,1004301000,1004300000,1000000000,117.46027078663239,0,0,0,FALSE,FALSE,NA,231.9142608642578,32100.2578125,0.07387915998697281,0.15011016075119493,7800.54296875,13.990253142733328,9.331353529340722
Balingasag,1004302000,1004300000,1000000000,166.41505211052885,0,0,0,FALSE,FALSE,NA,438.1492919921875,85902.3515625,0.28665032982826233,0.10447791352311869,7194.3759765625,45.285899552746734,6.238251447618375
Balingoan,1004303000,1004300000,1000000000,68.00429437986006,0,0,0,FALSE,FALSE,NA,167.46929931640625,13423.115234375,0.0377812385559082,0.09393567626153955,1836.2418212890625,39.817305606574934,5.797758255262023
Binuangan,1004304000,1004300000,1000000000,12.027311322846344,0,0,0,FALSE,FALSE,NA,431.668701171875,6120.109375,0.1205301359295845,0.16726704981967658,6263.51953125,38.34185069933588,1.2572672391910065
Claveria,1004306000,1004300000,1000000000,624.908886456925,0,0,0,FALSE,FALSE,NA,70.13252258300781,51604.67578125,0.010866924189031124,0.09119461661265732,2000.5120849609375,59.316878562135514,0.19014980823844246
City of El Salvador,1004307000,1004300000,1000000000,85.42601533978113,0,0,0,FALSE,FALSE,NA,434.01983642578125,43687.6484375,0.5557264089584351,0.18059166369030485,17584.36328125,11.892071491680223,5.38711507693031
City of Gingoog,1004308000,1004300000,1000000000,580.9319915402093,0,0,0,FALSE,FALSE,NA,183.54251098632812,125551.453125,0.06069103255867958,0.10585835780384978,3218.021728515625,45.7489658659988,0.5139316795232305
Gitagum,1004309000,1004300000,1000000000,39.58918802332292,0,0,0,FALSE,FALSE,NA,415.3670349121094,19382.615234375,0.05724054574966431,0.09928037209671663,13120.939453125,8.504605455491827,3.4059560795555006
Initao,1004310000,1004300000,1000000000,91.37217804248385,0,0,0,FALSE,FALSE,NA,245.56146240234375,26444.765625,0.02827693335711956,0.11469479809619806,5744.3388671875,19.015195043552307,4.551659440414232
Jasaan,1004311000,1004300000,1000000000,65.10407305832025,1,1,25.25,TRUE,FALSE,2001,718.6529541015625,55116.93359375,0.3856648802757263,0.12233112855341906,11749.978515625,35.46937133764551,1.9627559188636954
Kinoguitan,1004312000,1004300000,1000000000,44.4620231286356,0,0,0,FALSE,FALSE,NA,267.28094482421875,14009.08984375,0.04724477604031563,0.10110915655403722,3568.955078125,35.639266850839114,3.6271929762999577
Lagonglong,1004313000,1004300000,1000000000,47.569928424311485,0,0,0,FALSE,FALSE,NA,357.8190002441406,20057.5,0.06680098921060562,0.12416718052813486,5799.15966796875,46.36798494188994,4.02414733363361
Laguindingan,1004314000,1004300000,1000000000,36.687628448229496,0,0,0,FALSE,FALSE,NA,646.01434326171875,27923.4453125,1.1172106266021729,0.4297708580678664,21844.451171875,2.7340843530620242,1.998489983820426
Libertad,1004315000,1004300000,1000000000,36.08699005675329,0,0,0,FALSE,FALSE,NA,241.84390258789062,10286.796875,0.04621613398194313,0.13139342795842973,5885.25244140625,13.095400413845375,3.8581881767700357
Lugait,1004316000,1004300000,1000000000,38.605586263604444,0,0,0,FALSE,FALSE,NA,505.16497802734375,22978.98046875,0.3410833775997162,0.0962256793804022,8037.9052734375,34.7401193095891,4.216672087044775
Magsaysay,1004317000,1004300000,1000000000,112.70840518120332,0,0,0,FALSE,FALSE,NA,322.5372009277344,42816.6328125,0.026006795465946198,0.08298341817764254,2936.096923828125,30.20573396127916,2.2693620375507577
Manticao,1004318000,1004300000,1000000000,106.22934096295617,1,1,28.8937,TRUE,FALSE,NA,211.01014709472656,26410.15625,0.03037235327064991,0.1314148141232568,5269.72802734375,29.448711634808802,8.15065229160521
Medina,1004319000,1004300000,1000000000,102.06399764417152,0,0,0,FALSE,FALSE,NA,270.0051574707031,32469.1796875,0.15178972482681274,0.13049017840694324,4630.216796875,49.93036325614507,4.860021658943306
Naawan,1004320000,1004300000,1000000000,66.00876185447264,0,0,0,FALSE,FALSE,NA,239.19578552246094,18605.916015625,0.04296593740582466,0.13519317925551178,6170.01220703125,24.858674257830344,5.573657963453937
Opol,1004321000,1004300000,1000000000,192.79649696098593,0,0,0,FALSE,FALSE,NA,336.6111145019531,76452.3125,0.2277424931526184,0.16619669253733588,8043.90087890625,21.098101648362476,10.936422234129378
Salay,1004322000,1004300000,1000000000,78.94886497357375,0,0,0,FALSE,FALSE,NA,439.5353088378906,40895.60546875,0.026184378191828728,0.13982813720671713,3011.49267578125,45.6788071627171,4.789435412928269
Sugbongcogon,1004323000,1004300000,1000000000,27.406708130597654,0,0,0,FALSE,FALSE,NA,330.435302734375,10675.11328125,0.0436287559568882,0.11084553242437253,5105.630859375,38.13483846525089,3.3899797117577437
Tagoloan,1004324000,1004300000,1000000000,50.409760180250245,1,1,3000,TRUE,FALSE,1974,1591.91650390625,94502.4765625,2.050541400909424,0.9878778544578075,35116.0078125,37.730412716364555,3.227996606382611
Talisayan,1004325000,1004300000,1000000000,56.29594428944068,0,0,0,FALSE,FALSE,NA,390.5505065917969,25913.794921875,0.06626995652914047,0.11111295398858695,4134.29150390625,39.309787030876215,2.1361055405278946
Villanueva,1004326000,1004300000,1000000000,36.79879960217422,0,0,0,FALSE,FALSE,NA,777.10894775390625,33679.515625,2.1953675746917725,0.5303123058819905,20783.552734375,37.41664704685026,1.2543055053127337
Adams,102801000,102800000,100000000,111.13125031065263,0,0,0,FALSE,FALSE,NA,21.369544982910156,2925.212158203125,0,0,640.8809814453125,51.32808644186888,10.498415848250726
Bacarra,102802000,102800000,100000000,55.29778430520314,0,0,0,FALSE,FALSE,NA,513.2869873046875,34873.7734375,0.6867351531982422,0.5423499556504384,26890.015625,13.381465619694582,1.1095753929085685
Badoc,102803000,102800000,100000000,80.68165564445854,0,0,0,FALSE,FALSE,NA,294.5788879394531,29183.361328125,0.14697782695293427,0.09429920289368733,13435.4658203125,29.87731643841532,2.9921665052813053
Bangui,102804000,102800000,100000000,115.05266588912099,0,0,0,FALSE,FALSE,NA,99.22480773925781,14064.2958984375,0.08659462630748749,0.08423113349802176,5002.82763671875,41.79799549552881,2.951624085665508
City of Batac,102805000,102800000,100000000,158.1164615898678,0,0,0,FALSE,FALSE,NA,338.9136962890625,65849.1015625,0.2901163101196289,0.14124199935231935,13809.1513671875,16.211810243144072,1.2929725246943953
Burgos,102806000,102800000,100000000,137.09904121606277,1,1,27,FALSE,TRUE,NA,61.09611511230469,10318.537109375,0.12243606895208359,0.06665276286469465,3124.18212890625,35.97672770524434,3.495026366735155
Carasi,102807000,102800000,100000000,173.04029363217884,0,0,0,FALSE,FALSE,NA,13.050371170043945,2777.807373046875,0,0,252.85890197753906,35.68781197809671,21.55326977783537
Currimao,102808000,102800000,100000000,33.43802642798608,0,0,0,FALSE,FALSE,NA,311.65130615234375,12803.1875,0.24493880569934845,0.2562024006375283,13424.2626953125,18.517624873751334,1.398358334791533
Dingras,102809000,102800000,100000000,108.36036072562506,0,0,0,FALSE,FALSE,NA,340.21337890625,45311.7265625,0.08226257562637329,0.12351514692416511,14463.892578125,22.839082780603427,2.3567625852473264
Dumalneg,102810000,102800000,100000000,66.74208092416373,0,0,0,FALSE,FALSE,NA,32.9658317565918,2710.4345703125,0.010333489626646042,0.1073491153199972,1400.60888671875,46.59050728284853,7.5338404745519725
Banna,102811000,102800000,100000000,91.12911156629336,0,0,0,FALSE,FALSE,NA,187.7261962890625,21013.712890625,0.045508984476327896,0.08637294634821384,8822.0068359375,26.485260769518323,0.49906012633732905
City of Laoag,102812000,102800000,100000000,110.05224274844333,0,0,0,FALSE,FALSE,NA,810.55450439453125,109709.7109375,1.494092583656311,0.8060364567046027,39592.62890625,5.382743174357157,0.8482870093823262
Marcos,102813000,102800000,100000000,79.3981973934708,0,0,0,FALSE,FALSE,NA,177.99957275390625,17365.6796875,0.04766065627336502,0.08934285872661024,10078.8955078125,24.000749261873796,1.7457678641322962
Nueva Era,102814000,102800000,100000000,608.5582953312727,0,0,0,FALSE,FALSE,NA,14.454071044921875,10805.6767578125,0.001335151377134025,0.12423295236228744,542.4659423828125,34.01938687130883,11.851609273357978
Pagudpud,102815000,102800000,100000000,193.16766610760254,0,0,0,FALSE,FALSE,NA,99.7981948852539,23759.845703125,0.036907777190208435,0.08451851058944364,3485.617431640625,55.41540555007302,3.6107277363276777
Paoay,102816000,102800000,100000000,69.50162624993492,0,0,0,FALSE,FALSE,NA,273.1474304199219,23333.60546875,0.23721514642238617,0.13520297697741565,17583.4375,10.08172637177476,0.9869261335711329
Pasuquin,102817000,102800000,100000000,176.6692924733558,0,0,0,FALSE,FALSE,NA,142.3086700439453,30950.794921875,0.07045673578977585,0.07250762642541539,6599.22021484375,24.53453326715193,3.6792367944701105
Piddig,102818000,102800000,100000000,123.5765367709777,0,0,0,FALSE,FALSE,NA,146.0184326171875,22191.4375,0.05355902016162872,0.12624485489381979,6760.666015625,23.196343764727438,8.893485311473155
Pinili,102819000,102800000,100000000,63.60422386749555,0,0,0,FALSE,FALSE,NA,238.3809814453125,18621.775390625,0.0747978538274765,0.1116035218695431,10037.732421875,25.169988618187038,5.4234079356472
San Nicolas,102820000,102800000,100000000,41.94106715496281,0,0,0,FALSE,FALSE,NA,715.98382568359375,36922.27734375,1.0664973258972168,0.5678593451679874,35444.5390625,7.478661838107786,1.177149839378801
Sarrat,102821000,102800000,100000000,56.898273855834105,0,0,0,FALSE,FALSE,NA,353.87921142578125,24755.888671875,0.2674809694290161,0.2682375715685003,18886.796875,13.08442467956194,1.7734270929951241
Solsona,102822000,102800000,100000000,90.32725724385386,0,0,0,FALSE,FALSE,NA,195.83096313476562,21744.724609375,0.06775485724210739,0.124930700004782,11761.1552734375,28.797392624850207,9.101869866948174
Vintar,102823000,102800000,100000000,530.9132303923027,0,0,0,FALSE,FALSE,NA,59.21735763549805,38697.5234375,0.02049400471150875,0.1406204556822656,2406.18359375,31.578022178672867,17.342396365601097
Alilem,102901000,102900000,100000000,114.40981870173026,0,0,0,FALSE,FALSE,NA,58.520835876464844,8176.96337890625,0.024705052375793457,0.05056061626218315,2140.59765625,44.15055402558302,6.37232314539434
Banayoyo,102902000,102900000,100000000,25.09900711901176,0,0,0,FALSE,FALSE,NA,292.1426086425781,8971.3916015625,0.1584540605545044,0.16028708341734949,12996.0390625,74.74887545392555,0.4611538334326498
Bantay,102903000,102900000,100000000,75.11646833281996,0,0,0,FALSE,FALSE,NA,418.49749755859375,38534.53125,0.5644534230232239,0.33219489706654987,20598.115234375,64.4228501486978,0.09397777368515509
Burgos,102904000,102900000,100000000,50.92582903792579,0,0,0,FALSE,FALSE,NA,190.4428253173828,11870.5576171875,0.09393840283155441,0.13421149291342435,9779.921875,82.62131256812387,6.644662572640189
Cabugao,102905000,102900000,100000000,112.212586067045,0,0,0,FALSE,FALSE,NA,282.49224853515625,38897.54296875,0.21236403286457062,0.10511179736280314,11679.6533203125,43.018718868408676,3.7581228307549326
City of Candon,102906000,102900000,100000000,77.5705134691973,0,0,0,FALSE,FALSE,NA,630.61248779296875,59833.62890625,0.7012267708778381,0.36366315397377813,30670.7890625,68.34936042910242,0.8590134795433956
Caoayan,102907000,102900000,100000000,17.51122048850502,0,0,0,FALSE,FALSE,NA,844.14227294921875,18086.0625,0.6092303395271301,0.4128781328051646,34557.81640625,72.39499513411266,5.010928659841933
Cervantes,102908000,102900000,100000000,242.97543406951073,0,0,0,FALSE,FALSE,NA,93.9643783569336,27898.017578125,0.006264417432248592,0.08334642136183838,2388.4521484375,61.32124621730404,1.0272822293653812
Galimuyod,102909000,102900000,100000000,34.120410674803544,0,0,0,FALSE,FALSE,NA,216.21502685546875,9023.611328125,0.10136481374502182,0.17016049870897612,11672.2900390625,69.31898512155513,6.0241989734037835
Gregorio del Pilar,102910000,102900000,100000000,54.07622641512934,0,0,0,FALSE,FALSE,NA,53.03639221191406,3507.430419921875,0,0,2741.100341796875,69.83124512334172,3.7397284118404297
Lidlidda,102911000,102900000,100000000,34.14981452027114,0,0,0,FALSE,FALSE,NA,151.0266571044922,6310.828125,0.03254057094454765,0.07169324313898541,5039.40478515625,77.327514703137,1.2469397676545872
Magsingal,102912000,102900000,100000000,82.4223848598084,0,0,0,FALSE,FALSE,NA,282.07122802734375,28511.978515625,0.15879109501838684,0.10553839386696486,14372.6201171875,55.14012996313377,2.4407388782906048
Nagbukel,102913000,102900000,100000000,42.41992985368737,0,0,0,FALSE,FALSE,NA,124.69799041748047,6478.82763671875,0.04991752654314041,0.10927190570902867,5147.173828125,81.34290766650483,7.428718189127733
Narvacan,102914000,102900000,100000000,103.35849888854754,0,0,0,FALSE,FALSE,NA,360.06231689453125,45582.625,0.2533510625362396,0.14414937734357558,18672.671875,80.60534357675921,2.8201884348880615
Quirino,102915000,102900000,100000000,182.4064183461935,0,0,0,FALSE,FALSE,NA,49.400604248046875,11018.4794921875,0,0,1880.1004638671875,72.7320048866381,2.1002613205173373
Salcedo,102916000,102900000,100000000,82.96237961601464,0,0,0,FALSE,FALSE,NA,124.8689193725586,12666.7138671875,0.02005760557949543,0.09324187861886146,5095.61962890625,63.6285943854351,9.86163346915063
San Emilio,102917000,102900000,100000000,151.44069087491823,0,0,0,FALSE,FALSE,NA,57.69435119628906,10690.1826171875,8.173141395673156e-4,0.06878487730439306,2051.16845703125,78.34807758912768,0.9570996753378453
San Esteban,102918000,102900000,100000000,17.41350975268528,0,0,0,FALSE,FALSE,NA,365.2185974121094,7784.423828125,0.45307356119155884,0.2427530501713857,17634.4609375,82.26435722944608,0.8755508652150186
San Ildefonso,102919000,102900000,100000000,11.744317400288397,0,0,0,FALSE,FALSE,NA,561.89166259765625,8089.943359375,0.7373959422111511,0.5878535255550386,33936.390625,62.96059585940316,0.44999699559128836
San Juan,102920000,102900000,100000000,68.47105785006774,0,0,0,FALSE,FALSE,NA,340.796875,28624.986328125,0.19739998877048492,0.1048656553023892,15139.923828125,49.259472143479925,2.392512242303617
San Vicente,102921000,102900000,100000000,13.208561846187136,0,0,0,FALSE,FALSE,NA,776.574462890625,12574.2314453125,0.7298245429992676,0.4777272342986887,43170.890625,64.71210997281715,2.843514969464828
Santa,102922000,102900000,100000000,59.2276793763549,0,0,0,FALSE,FALSE,NA,255.4114532470703,18507.158203125,0.30422964692115784,0.1336316295142775,8423.2705078125,73.29622967345375,0.08300455280332017
Santa Catalina,102923000,102900000,100000000,8.952319937331325,0,0,0,FALSE,FALSE,NA,939.281494140625,10306.5087890625,0.9485505223274231,0.8468180750383463,59110.22265625,67.78537571785961,3.3190969614614354
Santa Cruz,102924000,102900000,100000000,91.95359950918464,0,0,0,FALSE,FALSE,NA,363.9940185546875,40910.890625,0.17757685482501984,0.15008792406821028,15022.705078125,54.45111127865406,2.836674936373292
Santa Lucia,102925000,102900000,100000000,44.21813434184314,0,0,0,FALSE,FALSE,NA,519.6494140625,28095.880859375,0.2668696939945221,0.19861913001240958,23068.36328125,61.32447294581684,2.313030726448781
Santa Maria,102926000,102900000,100000000,56.481469912490866,0,0,0,FALSE,FALSE,NA,433.16314697265625,29953.546875,0.3040475845336914,0.20831882693433584,20849.595703125,87.86143225024009,1.750533470076589
Santiago,102927000,102900000,100000000,47.753010380000966,0,0,0,FALSE,FALSE,NA,301.6703186035156,17627.943359375,0.22076310217380524,0.11979407594316073,14773.1455078125,76.60322355414904,0.16844161719472167
Santo Domingo,102928000,102900000,100000000,48.565333910798785,0,0,0,FALSE,FALSE,NA,539.29095458984375,32112.69921875,0.6514623761177063,0.487821347600712,25533.400390625,59.90318671314011,0.8057830352232547
Sigay,102929000,102900000,100000000,92.23178018612903,0,0,0,FALSE,FALSE,NA,23.403499603271484,2638.4677734375,0,0,860.7171630859375,60.2678697199822,8.497658601142035
Sinait,102930000,102900000,100000000,68.86420222092856,0,0,0,FALSE,FALSE,NA,279.00152587890625,23585.505859375,0.21953389048576355,0.11694156137792797,14661.517578125,35.25336713591349,3.207633751355588
Sugpon,102931000,102900000,100000000,106.32300691661092,0,0,0,FALSE,FALSE,NA,20.845945358276367,2705.27490234375,0,0,988.7393798828125,34.04478773191459,12.466756892959985
Suyo,102932000,102900000,100000000,163.62271449466817,0,0,0,FALSE,FALSE,NA,41.769718170166016,8350.5302734375,0.007088925689458847,0.06911607667792444,2053.6474609375,50.26157091341937,1.3961438504096608
Tagudin,102933000,102900000,100000000,58.520125054140266,0,0,0,FALSE,FALSE,NA,661.2802734375,47271.18359375,0.31048014760017395,0.2358319322315159,22234.2734375,41.5087855696374,1.1588334040718413
City of Vigan,102934000,102900000,100000000,24.45757487726474,0,0,0,FALSE,FALSE,NA,1832.7418212890625,54934.63671875,2.2531657218933105,1.3279469032650153,79033.2421875,69.41376939945114,1.9481864145090693
Agoo,103301000,103300000,100000000,48.1453555392345,0,0,0,FALSE,FALSE,NA,1316.985107421875,77209.578125,0.6254063844680786,0.4098736003712949,32296.943359375,27.096333436767313,0.39468699282876
Aringay,103302000,103300000,100000000,97.19098175456837,0,0,0,FALSE,FALSE,NA,417.7633972167969,49445.53125,0.15825721621513367,0.13969487629758612,12322.7490234375,23.2232830173796,5.260998133306078
Bacnotan,103303000,103300000,100000000,76.40643693947575,0,0,0,FALSE,FALSE,NA,442.577392578125,41264.63671875,0.32023075222969055,0.27725509313326374,17701.630859375,18.05874050688598,0.1779657220659583
Bagulin,103304000,103300000,100000000,90.56956651726595,0,0,0,FALSE,FALSE,NA,150.03103637695312,16570.697265625,0.006110676098614931,0.11863393944376638,3278.169189453125,18.37091764179974,9.775813052191658
Balaoan,103305000,103300000,100000000,62.02692309526336,0,0,0,FALSE,FALSE,NA,537.00238037109375,40659.09765625,0.20792382955551147,0.1527461748679463,19483.962890625,25.51188490057877,0.8046302100318463
Bangar,103306000,103300000,100000000,35.22182120402476,0,0,0,FALSE,FALSE,NA,739.909423828125,31824.533203125,0.3700352609157562,0.2647931697119751,29119.568359375,34.33286582088419,1.1224090620874925
Bauang,103307000,103300000,100000000,75.80868089502951,0,0,0,FALSE,FALSE,NA,701.38128662109375,64759.07421875,0.6836610436439514,0.3967025959747667,23205.73046875,10.223820365132228,0.8778568923863916
Burgos,103308000,103300000,100000000,36.45540829151795,0,0,0,FALSE,FALSE,NA,133.0238494873047,5911.4775390625,0.0017597298137843609,0.12351685580718005,3402.7109375,19.125564158910553,1.8333618546512491
Caba,103309000,103300000,100000000,46.731556893757755,0,0,0,FALSE,FALSE,NA,306.0456237792969,17425.529296875,0.19396939873695374,0.14965697535715894,10788.619140625,18.95135477942654,3.1932112880652093
Luna,103310000,103300000,100000000,40.505917959307695,0,0,0,FALSE,FALSE,NA,547.61962890625,27081.345703125,0.25347205996513367,0.2072519076510825,24890.2265625,28.087144555717213,3.386624184154532
Naguilian,103311000,103300000,100000000,102.44632072390841,0,0,0,FALSE,FALSE,NA,516.0513916015625,64442.71484375,0.09859947860240936,0.14609474848078605,13962.8369140625,14.10733873504339,1.3366076534796576
Pugo,103312000,103300000,100000000,52.07646265505621,0,0,0,FALSE,FALSE,NA,193.78074645996094,12287.9462890625,0.16479969024658203,0.17967612428694177,9313.6982421875,16.33899706256639,1.1715308312829806
Rosario,103313000,103300000,100000000,78.35693865182213,0,0,0,FALSE,FALSE,NA,734.74591064453125,70079.765625,0.49104633927345276,0.24222616346770232,20895.921875,22.462932034837646,2.253683849884106
City of San Fernando,103314000,103300000,100000000,98.89322824277554,0,0,0,FALSE,FALSE,NA,765.9915771484375,92373.421875,1.2146954536437988,0.32491041452664343,33214.51171875,6.056329545080389,1.156115467790808
San Gabriel,103315000,103300000,100000000,121.79885587911062,0,0,0,FALSE,FALSE,NA,126.54131317138672,18802.466796875,0.010440009646117687,0.09853377183131638,3451.42333984375,20.311040167099826,11.195169860545128
San Juan,103316000,103300000,100000000,50.59573295449073,0,0,0,FALSE,FALSE,NA,623.188720703125,38461.65234375,0.3926723599433899,0.21685236740462435,21209.470703125,10.99185242074363,2.7436359228778926
Santo Tomas,103317000,103300000,100000000,40.98329642270423,0,0,0,FALSE,FALSE,NA,642.090087890625,32014.8359375,0.24352800846099854,0.19305315472262094,18758.62890625,26.224452558724558,0.4220834364778891
Santol,103318000,103300000,100000000,114.17042731728824,0,0,0,FALSE,FALSE,NA,117.68048858642578,16396.205078125,0.013177234679460526,0.07511615314554991,3260.63720703125,26.48874359677777,8.670210386908304
Sudipen,103319000,103300000,100000000,89.85998434086358,0,0,0,FALSE,FALSE,NA,202.49884033203125,22217.75390625,0.0728275403380394,0.13190704505532308,6188.912109375,34.293480777171105,7.201024204714201
Tubao,103320000,103300000,100000000,54.33748213850589,0,0,0,FALSE,FALSE,NA,442.84429931640625,29304.736328125,0.09698763489723206,0.14658936371203093,13688.458984375,21.031055013509395,0.07419828197073489
Agno,105501000,105500000,100000000,165.83960851359652,0,0,0,FALSE,FALSE,NA,149.19097900390625,30085.85546875,0.011708270758390427,0.06508828008422639,4834.94580078125,76.38854330058989,8.18103247226705
Aguilar,105502000,105500000,100000000,157.86928465154975,0,0,0,FALSE,FALSE,NA,260.9677734375,50044.55078125,0.07658573240041733,0.1063273873068464,5957.4677734375,73.62011089392553,4.5303584977829585
City of Alaminos,105503000,105500000,100000000,161.76889004964028,0,0,0,FALSE,FALSE,NA,482.81488037109375,94942.34375,0.2127627283334732,0.14360574436603118,17647.349609375,60.151272776608856,0.4518222813849548
Alcala,105504000,105500000,100000000,58.536260246102565,0,0,0,FALSE,FALSE,NA,842.981201171875,59946.17578125,0.32995566725730896,0.32024622436521644,23947.46875,60.39486242034429,1.1568846537459296
Anda,105505000,105500000,100000000,77.65742680714604,0,0,0,FALSE,FALSE,NA,379.66796875,35890.3125,0.025618501007556915,0.09234608036336671,13417.7392578125,48.34311308509051,8.546744367443623
Asingan,105506000,105500000,100000000,78.43666361452568,0,0,0,FALSE,FALSE,NA,738.5347900390625,70429.8984375,0.34188112616539,0.38729195894087193,21716.91796875,42.11991583179155,2.293742677839267
Balungao,105507000,105500000,100000000,68.33388452787638,0,0,0,FALSE,FALSE,NA,295.4125061035156,24530.837890625,0.1569141298532486,0.16915379056194998,14005.7841796875,54.246202729344716,0.8870872633946135
Bani,105508000,105500000,100000000,181.86793008176372,0,0,0,FALSE,FALSE,NA,197.0470428466797,43601.515625,0.033442407846450806,0.08497060286816324,9132.6767578125,64.38900511748267,1.399283801680666
Basista,105509000,105500000,100000000,25.59707189744601,0,0,0,FALSE,FALSE,NA,1389.0450439453125,43198.625,0.6783965229988098,0.6529993909542658,31906.67578125,61.15134743318169,0.15528899363167398
Bautista,105510000,105500000,100000000,41.39901280552714,0,0,0,FALSE,FALSE,NA,734.81005859375,36948.69140625,0.42044317722320557,0.24830912472653519,19980.8984375,65.05691504982387,3.761333759290696
Bayambang,105511000,105500000,100000000,136.75991258066207,0,0,0,FALSE,FALSE,NA,848.96990966796875,141012.84375,0.5125536322593689,0.4465510586387878,20226.126953125,67.57906859702359,0.8347040038019076
Binalonan,105512000,105500000,100000000,56.51470482753154,0,0,0,FALSE,FALSE,NA,705.254150390625,48473.00390625,0.918354868888855,0.5872065587181853,38126.2421875,35.22979651819642,0.6759324472922156
Binmaley,105513000,105500000,100000000,63.74473088275287,0,0,0,FALSE,FALSE,NA,1194.1785888671875,91778.7890625,0.739934504032135,0.7152391348038016,27047.015625,54.01863944569129,0.37385223989460975
Bolinao,105514000,105500000,100000000,206.13298130221486,0,0,0,FALSE,FALSE,NA,295.6722412109375,74196.5859375,0.05100000649690628,0.07619507999787646,9133.0869140625,55.074416774511384,2.495751573334044
Bugallon,105515000,105500000,100000000,178.5733135153428,0,0,0,FALSE,FALSE,NA,315.8206481933594,68533.1796875,0.12375888228416443,0.09037949082465017,7604.69189453125,69.09968604375196,5.030684080492877
Burgos,105516000,105500000,100000000,115.28685886243527,0,0,0,FALSE,FALSE,NA,90.79609680175781,12724.205078125,0.02990095317363739,0.08100471587837302,5427.68603515625,79.78242642886832,2.8916756789787406
Calasiao,105517000,105500000,100000000,47.439773890772535,0,0,0,FALSE,FALSE,NA,1793.993896484375,103464.125,1.365820288658142,0.9691596038177118,47453.8203125,50.5795974940279,0.20246939227721067
City of Dagupan,105518000,105500000,100000000,43.194093865888945,0,0,0,FALSE,FALSE,NA,3827.792724609375,199689.4375,3.3427841663360596,2.4749135751654676,80709.53125,46.10592906088089,0.44023759600809775
Dasol,105519000,105500000,100000000,177.62692486870728,0,0,0,FALSE,FALSE,NA,93.2563247680664,20128.7109375,0.029843781143426895,0.06112792240196731,3883.676025390625,83.87296040322732,2.9327018433248093
Infanta,105520000,105500000,100000000,192.6870050414792,0,0,0,FALSE,FALSE,NA,75.72572326660156,17724.75,0.013400965370237827,0.06648300459262886,2369.317626953125,86.33518684875057,10.380737139533794
Labrador,105521000,105500000,100000000,103.04792723537282,0,0,0,FALSE,FALSE,NA,144.38616943359375,18086.611328125,0.14932332932949066,0.08671283595020984,4566.07470703125,68.18654939013855,4.129122311531007
Lingayen,105522000,105500000,100000000,71.42723946041235,0,0,0,FALSE,FALSE,NA,1055.34912109375,91321.421875,0.8330433368682861,0.45492306004323385,31339.888671875,59.25938185335286,0.2892592269778291
Mabini,105523000,105500000,100000000,256.9787565583914,1,1,26.5038,TRUE,FALSE,NA,103.52706146240234,32340.08984375,0.012682673521339893,0.08097848409292491,2856.312744140625,73.04874265688824,7.273300621393252
Malasiqui,105524000,105500000,100000000,137.93247183774702,0,0,0,FALSE,FALSE,NA,837.3695068359375,140360.40625,0.5464187860488892,0.5167323019867364,23382.744140625,54.53822586362384,0.7124627809125746
Manaoag,105525000,105500000,100000000,52.13252547499663,0,0,0,FALSE,FALSE,NA,1212.9920654296875,76894.09375,0.8107715845108032,0.6765524152780373,32441.224609375,40.12000072545414,1.5496706739532218
Mangaldan,105526000,105500000,100000000,48.32790795573289,0,0,0,FALSE,FALSE,NA,2326.65771484375,136743.875,1.150928258895874,0.9297443865571133,51635.07421875,41.86582833809259,0.055012201577389626
Mangatarem,105527000,105500000,100000000,308.21450232106287,0,0,0,FALSE,FALSE,NA,239.07421875,89465.6953125,0.09683410078287125,0.09846297190970926,6329.505859375,67.90752772260772,5.224844367464362
Mapandan,105528000,105500000,100000000,20.415807798404856,0,0,0,FALSE,FALSE,NA,1509.1051025390625,37461.35546875,1.0488234758377075,0.9600764947500566,53257.69140625,43.00385698383841,3.6962932727229116
Natividad,105529000,105500000,100000000,93.99461236940594,0,0,0,FALSE,FALSE,NA,242.2526397705078,27692.66796875,0.07633432745933533,0.12476793537115415,9411.3125,42.93950974591431,6.478498529422863
Pozorrubio,105530000,105500000,100000000,70.38920760042394,0,0,0,FALSE,FALSE,NA,843.8861083984375,72259.3125,0.7606365084648132,0.47301459765504333,28801.412109375,30.597454246384316,0.01741109731664349
Rosales,105531000,105500000,100000000,72.3600569270026,0,0,0,FALSE,FALSE,NA,738.31585693359375,64913.97265625,0.990018904209137,0.5640643050868082,27191.728515625,56.08331804902807,0.30190194593860586
City of San Carlos,105532000,105500000,100000000,147.8315560947217,0,0,0,FALSE,FALSE,NA,1174.640869140625,211014.734375,0.6439529061317444,0.5391516998429112,28991.822265625,60.39041233378946,2.923381121245798
San Fabian,105533000,105500000,100000000,75.82541844207101,0,0,0,FALSE,FALSE,NA,981.12225341796875,90508.9921875,0.5727207064628601,0.3900839033788969,24557.330078125,32.16283853532586,1.3843891827286254
San Jacinto,105534000,105500000,100000000,42.35858845934353,0,0,0,FALSE,FALSE,NA,1080.9920654296875,55693.19921875,0.6595315933227539,0.5409352127858241,27208.90625,36.34455244932361,2.6239760056679446
San Manuel,105535000,105500000,100000000,137.66142594826715,0,0,0,FALSE,FALSE,NA,336.66583251953125,56377.984375,0.49533510208129883,0.18506079934168324,12796.234375,30.52229596736031,9.390390679998795
San Nicolas,105536000,105500000,100000000,225.21106222016707,0,0,0,FALSE,FALSE,NA,148.65182495117188,40729.6875,0.09629125893115997,0.10350897946068,5381.51513671875,32.17452031388705,3.025161836255858
San Quintin,105537000,105500000,100000000,85.69277002019359,0,0,0,FALSE,FALSE,NA,349.80474853515625,36443.03125,0.18268491327762604,0.17984927320276628,11720.400390625,48.374065955967154,6.439649669733273
Santa Barbara,105538000,105500000,100000000,62.58167606348204,0,0,0,FALSE,FALSE,NA,1246.9559326171875,94868.9921875,1.0837562084197998,0.7999929036596582,31084.60546875,47.43958608304474,0.6258090412052238
Santa Maria,105539000,105500000,100000000,46.65753667932725,0,0,0,FALSE,FALSE,NA,495.044921875,28078.052734375,0.33860668540000916,0.3398383500705285,23726.169921875,46.446804875369025,1.9431306256088414
Santo Tomas,105540000,105500000,100000000,12.390898027981294,0,0,0,FALSE,FALSE,NA,1287.7838134765625,19387.87109375,0.7055612206459045,0.5781272898528947,30743.41015625,56.603926697445004,0.9964854513568944
Sison,105541000,105500000,100000000,154.82772400121235,0,0,0,FALSE,FALSE,NA,249.7960662841797,47060.4765625,0.3793327212333679,0.17723097648332894,10538.728515625,23.89098351299067,3.9859311794634085
Sual,105542000,105500000,100000000,132.70667365879757,0,0,0,FALSE,FALSE,NA,186.8964385986328,30162.041015625,0.44150179624557495,0.11644046346199095,5422.69970703125,62.21478312064473,0.6434550586288559
Tayug,105543000,105500000,100000000,43.97959612859169,0,0,0,FALSE,FALSE,NA,825.32464599609375,44135.30078125,0.5337904691696167,0.43559700224366393,29950.513671875,42.25396781475492,0.652691598713009
Umingan,105544000,105500000,100000000,258.44136591950104,0,0,0,FALSE,FALSE,NA,280.4313049316406,88077.796875,0.08386049419641495,0.11771260418836126,8167.962890625,56.373582097378666,2.3771859809163227
Urbiztondo,105545000,105500000,100000000,40.343605783808044,0,0,0,FALSE,FALSE,NA,991.1810302734375,48573.3984375,0.5711286664009094,0.5585149556794442,24458.591796875,67.2316248540717,6.210339347835328
City of Urdaneta,105546000,105500000,100000000,95.54483734068711,0,0,0,FALSE,FALSE,NA,1181.1868896484375,137192.484375,1.3516669273376465,0.7772467338198051,41548.49609375,45.23075147746081,0.4661481111185338
Villasis,105547000,105500000,100000000,80.85327973976642,0,0,0,FALSE,FALSE,NA,813.15899658203125,79899.9140625,0.641171395778656,0.46166242816908865,25914.08984375,51.98089927700677,0.02253671635820884
Laoac,105548000,105500000,100000000,41.58747741650638,0,0,0,FALSE,FALSE,NA,676.05352783203125,34190.015625,0.5359142422676086,0.5002352074975476,28579.892578125,37.683112739974334,0.9837332941921024
Asuncion,1102301000,1102300000,1100000000,224.80687546492956,0,0,0,FALSE,FALSE,NA,397.2019958496094,104652.0859375,0.02963232807815075,0.10750193984376698,5610.00048828125,58.51823654148262,3.5760888664068067
Carmen,1102303000,1102300000,1100000000,146.68442430828327,1,1,7.5992,FALSE,TRUE,NA,661.14837646484375,113630.21875,0.531312108039856,0.23759613552367573,13380.587890625,27.577122663599898,3.3984824444106225
Kapalong,1102305000,1102300000,1100000000,780.1672690119517,0,0,0,FALSE,FALSE,NA,76.232452392578125,69775.1171875,0.03070538491010666,0.09082688610921974,1995.546142578125,79.29652211711657,19.5119903181385
New Corella,1102314000,1102300000,1100000000,246.11192495249327,0,0,0,FALSE,FALSE,NA,223.1383056640625,64346.73046875,0.029791444540023804,0.06119279271684673,5038.94970703125,57.663296191228845,9.40133942808091
City of Panabo,1102315000,1102300000,1100000000,253.70226797354962,0,0,0,FALSE,FALSE,NA,834.8656005859375,248196.28125,1.385286569595337,0.43687319621944454,20676.677734375,23.153430493901727,1.1329656721344494
Island Garden City of Samal,1102317000,1102300000,1100000000,281.24432038281304,0,0,0,FALSE,FALSE,NA,296.66033935546875,97673.890625,0.34761908650398254,0.20017800726044038,7191.423828125,12.997197602090598,0.7213461098705058
Santo Tomas,1102318000,1102300000,1100000000,241.15191093440745,0,0,0,FALSE,FALSE,NA,532.1153564453125,150417.75,0.4061889052391052,0.1478102744421889,12562.447265625,42.830064126449,1.0283385393552602
City of Tagum,1102319000,1102300000,1100000000,185.31732176655333,0,0,0,FALSE,FALSE,NA,1599.399658203125,347212.4375,1.1975014209747314,0.47301303000992945,38526.546875,37.76619309955108,0.10985450076870872
Talaingod,1102322000,1102300000,1100000000,658.5646862862314,0,0,0,FALSE,FALSE,NA,71.976654052734375,55606.55859375,0.0017907429719343781,0.09696076907705625,521.654296875,64.32337203135401,5.933854825448646
Braulio E. Dujali,1102323000,1102300000,1100000000,83.95592416039862,0,0,0,FALSE,FALSE,NA,220.06837463378906,21651.1875,0.17362554371356964,0.13500780878262356,8139.21435546875,35.07547245849296,6.82725678548479
San Isidro,1102324000,1102300000,1100000000,164.58218770870508,0,0,0,FALSE,FALSE,NA,168.87208557128906,32590.501953125,0.015841802582144737,0.06883249049007374,3153.41552734375,69.48461870920488,8.829392164597667
Bansalan,1102401000,1102400000,1100000000,215.71089142496248,0,0,0,FALSE,FALSE,NA,389.3339538574219,98414.2109375,0.060892198234796524,0.015360345624128606,7166.328125,33.55162056310162,5.609934030953854
City of Digos,1102403000,1102400000,1100000000,267.1128637367021,0,0,0,FALSE,FALSE,NA,525.47869873046875,164434.109375,0.5871735215187073,0.1628667702649548,18999.296875,44.200655405892455,7.306133623596771
Hagonoy,1102404000,1102400000,1100000000,122.13615395881696,0,0,0,FALSE,FALSE,NA,517.0941162109375,73967.1484375,0.12296789884567261,0.12174521223475238,11332.1171875,48.678940277833405,4.990091655513014
Kiblawan,1102406000,1102400000,1100000000,316.74578194742077,0,0,0,FALSE,FALSE,NA,130.20046997070312,48297.60546875,0.01657574623823166,0.11868316250500793,2628.15771484375,47.34257856366687,12.091889510676243
Magsaysay,1102407000,1102400000,1100000000,235.91324482214236,0,0,0,FALSE,FALSE,NA,166.11622619628906,45925.265625,0.015542680397629738,0.09498437114818425,5826.28466796875,27.622279255052558,9.998589578490616
Malalag,1102408000,1102400000,1100000000,135.97356806575257,0,0,0,FALSE,FALSE,NA,183.27227783203125,29171.388671875,0.035601820796728134,0.1229479135581905,3019.190185546875,50.22730206680775,0.009363947290947843
Matanao,1102410000,1102400000,1100000000,251.64396602238483,0,0,0,FALSE,FALSE,NA,195.6937255859375,57691.7265625,0.04268612340092659,0.09425740347425862,5960.35888671875,38.79082226989682,1.2110607220063057
Padada,1102411000,1102400000,1100000000,34.81331655050379,0,0,0,FALSE,FALSE,NA,380.618896484375,15152.8876953125,0.24451662600040436,0.1775913367543874,20536.16796875,55.031743781775454,0.568955157893053
Santa Cruz,1102412000,1102400000,1100000000,221.9493206439937,0,0,0,FALSE,FALSE,NA,313.6458435058594,81545.3515625,0.3776228129863739,0.11877173063059034,6506.26953125,36.76983036519002,6.037660496327127
Sulop,1102414000,1102400000,1100000000,129.5267420821442,0,0,0,FALSE,FALSE,NA,300.70831298828125,45307.30859375,0.052666373550891876,0.12277742715924479,5073.8818359375,53.07396183260554,4.841175293794493
City of Davao,1130700000,1102400000,1100000000,2355.1000772442635,1,1,57.26,TRUE,FALSE,2004,592.58447265625,1635946.75,1.290968418121338,0.0791509330780366,14403.0537109375,29.498707578079603,2.3108062898983506
Baganga,1102501000,1102500000,1100000000,894.7784932587522,0,0,0,FALSE,FALSE,NA,56.943031311035156,59587.46875,0.006662184838205576,0.06380400779407905,1202.770263671875,70.73071239202673,13.403231283279764
Banaybanay,1102502000,1102500000,1100000000,227.2361995968422,0,0,0,FALSE,FALSE,NA,202.42120361328125,53802.58203125,0.02577623911201954,0.0893304053182771,2682.645751953125,30.10484920012556,4.665755993923116
Boston,1102503000,1102500000,1100000000,379.4706997752775,0,0,0,FALSE,FALSE,NA,35.0057258605957,15556.0458984375,0.002168648410588503,0.12414820351872423,590.64776611328125,31.439113383100565,9.244092607591279
Caraga,1102504000,1102500000,1100000000,575.8990394292961,0,0,0,FALSE,FALSE,NA,66.60794830322266,44840.69140625,0.0021594271529465914,0.07682865340401714,1034.865478515625,48.801210623730604,11.282560719074958
Cateel,1102505000,1102500000,1100000000,456.3861788769835,0,0,0,FALSE,FALSE,NA,116.27165222167969,62104.90234375,0.046157509088516235,0.04428906985107143,1763.921630859375,48.65908397646516,0.09268028994243098
Governor Generoso,1102506000,1102500000,1100000000,299.6748305671841,0,0,0,FALSE,FALSE,NA,143.0009307861328,50054.80078125,0.01537365559488535,0.08102729108866194,1956.27392578125,47.980847076301174,37.78587698445027
Lupon,1102507000,1102500000,1100000000,544.4298166488528,0,0,0,FALSE,FALSE,NA,95.81431579589844,60994.453125,0.0642116591334343,0.10480839008617264,1698.2686767578125,19.53689103515203,3.630382692646446
Manay,1102508000,1102500000,1100000000,419.8953847383235,0,0,0,FALSE,FALSE,NA,82.73709869384766,40596.96875,0.007967360317707062,0.0906373212251056,1110.419189453125,33.834417061423224,10.399602496524404
City of Mati,1102509000,1102500000,1100000000,713.5195767508399,0,0,0,FALSE,FALSE,NA,151.33676147460938,126149.984375,0.10907527804374695,0.08145753995401438,2943.32421875,14.257093608321124,9.872093387451157
San Isidro,1102510000,1102500000,1100000000,239.4788116065476,0,0,0,FALSE,FALSE,NA,108.94718170166016,30491.486328125,0.020908422768115997,0.0848365929857855,1998.633544921875,23.919424860704286,9.741495319006363
Tarragona,1102511000,1102500000,1100000000,280.39671881084087,0,0,0,FALSE,FALSE,NA,84.10736083984375,27556.01171875,0.004730538465082645,0.08661049471082427,718.41241455078125,18.645934036060122,5.127182152265549
Compostela,1108201000,1108200000,1100000000,358.7809761323078,0,0,0,FALSE,FALSE,NA,332.5262756347656,139689.828125,0.04362902045249939,0.08606126223011597,5859.33984375,59.16589948691739,1.5493588677215793
Laak,1108202000,1108200000,1100000000,713.4345653320839,0,0,0,FALSE,FALSE,NA,97.54264831542969,81601.7890625,0.006750254426151514,0.07770650908311011,1383.1455078125,68.46234169494818,0.790140483860374
Mabini,1108203000,1108200000,1100000000,216.15365860855056,0,0,0,FALSE,FALSE,NA,142.76107788085938,36122.96875,0.048895370215177536,0.10621961438395097,2262.799560546875,37.85535484027678,9.176353491001834
Maco,1108204000,1108200000,1100000000,319.62714271270846,0,0,0,FALSE,FALSE,NA,231.95361328125,86806.5234375,0.13014666736125946,0.09224766777675346,2942.146240234375,45.117857046815956,8.324629463668552
Maragusan,1108205000,1108200000,1100000000,429.34793128350594,0,0,0,FALSE,FALSE,NA,151.69647216796875,76196.328125,0.03946796804666519,0.09496052524944122,3407.552490234375,44.86738421330298,2.9514320433111974
Mawab,1108206000,1108200000,1100000000,126.25026239963623,0,0,0,FALSE,FALSE,NA,240.5461883544922,35566.91015625,0.05311321094632149,0.09060099898200469,4449.41357421875,52.96866215063385,1.7597337974486724
Monkayo,1108207000,1108200000,1100000000,569.4808882639895,0,0,0,FALSE,FALSE,NA,144.68719482421875,96541.171875,0.026445090770721436,0.06903651221138564,2184.91455078125,45.91533137118126,0.07673700135153658
Montevista,1108208000,1108200000,1100000000,264.77148541606186,0,0,0,FALSE,FALSE,NA,205.04574584960938,63610.9921875,0.04131278768181801,0.0625122982680664,2926.08203125,63.584218820543775,2.806410037758475
Nabunturan,1108209000,1108200000,1100000000,273.76916028092467,0,0,0,FALSE,FALSE,NA,315.1899108886719,101048.5234375,0.07103272527456284,0.07493242445466206,6227.70556640625,61.408651996937216,1.6532817580834755
New Bataan,1108210000,1108200000,1100000000,568.0824647969756,0,0,0,FALSE,FALSE,NA,93.52330780029297,62178.5234375,0.016236012801527977,0.07906231520103833,1886.624267578125,64.55122218945176,7.622108240371418
Pantukan,1108211000,1108200000,1100000000,544.7321499927842,0,0,0,FALSE,FALSE,NA,168.00596618652344,107076.1484375,0.032641131430864334,0.07772374227562197,1883.9197998046875,38.22832407572538,13.246253637887548
Don Marcelino,1108601000,1108600000,1100000000,366.92834402150976,0,0,0,FALSE,FALSE,NA,157.4601287841797,67534.015625,0.0014261379837989807,0.1572524947766074,588.38751220703125,44.823682708445524,9.039911628900258
Jose Abad Santos,1108602000,1108600000,1100000000,692.1058511324972,0,0,0,FALSE,FALSE,NA,103.85001373291016,83994.78125,0.0027485708706080914,0.07225526667162332,500.524169921875,43.24166566896941,28.968235089722903
Malita,1108603000,1108600000,1100000000,610.1377918904809,0,0,0,FALSE,FALSE,NA,145.94859313964844,104149.5625,0.10101087391376495,0.15668357264403673,1559.3675537109375,41.65695522215681,10.973554935716091
Santa Maria,1108604000,1108600000,1100000000,213.68333517564517,0,0,0,FALSE,FALSE,NA,167.64596557617188,41921.01171875,0.016009941697120667,0.0984135123017407,1902.1783447265625,50.02612829177602,4.627263654687171
Sarangani,1108605000,1108600000,1100000000,89.81447205765927,0,0,0,FALSE,FALSE,NA,226.78732299804688,23792.693359375,0,0,1591.136962890625,79.0927059744107,49.435995933079184
Alamada,1204701000,1204700000,1200000000,566.1405021599743,0,0,0,FALSE,FALSE,NA,95.2916259765625,63397.87109375,0.0040675015188753605,0.10811645797397956,2017.0601806640625,53.48323944828799,1.8690458272636838
Carmen,1204702000,1204700000,1200000000,499.3183332192931,0,0,0,FALSE,FALSE,NA,215.30604553222656,126244.546875,0.013130005449056625,0.12728227425696123,2558.124755859375,49.4156473029719,0.8738024448178625
Kabacan,1204703000,1204700000,1200000000,150.8707400109489,0,0,0,FALSE,FALSE,NA,516.95574951171875,91531.3828125,0.09122123569250107,0.1251086414793619,13440.2958984375,25.708528510396885,3.1599260055189298
City of Kidapawan,1204704000,1204700000,1200000000,292.0492530555998,0,0,0,FALSE,FALSE,NA,495.0624694824219,169556.265625,0.444179505109787,0.1223476567632971,13990.1787109375,20.91026414023044,0.9801375396891006
Libungan,1204705000,1204700000,1200000000,168.5129623923702,0,0,0,FALSE,FALSE,NA,263.5929260253906,52181.9609375,0.027046654373407364,0.1527141220144175,5407.1728515625,39.409012400513106,0.8941300686511889
Magpet,1204706000,1204700000,1200000000,386.8236008496016,0,0,0,FALSE,FALSE,NA,106.7651138305664,48429.1875,0.009582309983670712,0.0765131583038493,1944.8243408203125,37.139579074030806,13.68093071585707
Makilala,1204707000,1204700000,1200000000,345.97783626291556,0,0,0,FALSE,FALSE,NA,244.72897338867188,99262.4765625,0.05724012479186058,0.01851597213253688,4152.81689453125,20.934766177119315,1.270235294168821
Matalam,1204708000,1204700000,1200000000,421.15408066860675,0,0,0,FALSE,FALSE,NA,237.01470947265625,117135.6640625,0.041126150637865067,0.09658334993777322,3804.157470703125,32.07989629854698,10.174848121461212
Midsayap,1204709000,1204700000,1200000000,196.33615952716133,0,0,0,FALSE,FALSE,NA,617.10858154296875,142302.890625,0.09738446027040482,0.1582124169676905,11955.017578125,36.6207966979015,0.29222662153341455
M'Lang,1204710000,1204700000,1200000000,362.3655366038493,0,0,0,FALSE,FALSE,NA,233.06204223632812,99059.84375,0.020611874759197235,0.1018755951903525,6186.69287109375,3.975793921226749,1.7095115868009478
Pigkawayan,1204711000,1204700000,1200000000,199.936288443084,0,0,0,FALSE,FALSE,NA,219.9180450439453,51669.0390625,0.06970230489969254,0.09054431501049721,4743.53857421875,30.73907820104917,4.684079867101356
Pikit,1204712000,1204700000,1200000000,109.80957207712305,0,0,0,FALSE,FALSE,NA,587.59393310546875,75748.4375,0.04265059158205986,0.13234307695711164,7920.62841796875,35.813165579858406,2.474038717491536
President Roxas,1204713000,1204700000,1200000000,347.7272716637444,0,0,0,FALSE,FALSE,NA,138.83096313476562,56655.3515625,0.010128995403647423,0.10870414152425888,3039.6728515625,44.12760027233097,4.846039513155171
Tulunan,1204714000,1204700000,1200000000,291.16770701194565,0,0,0,FALSE,FALSE,NA,193.7014923095703,66128.5703125,0.017382346093654633,0.06484724485921325,5101.2197265625,11.16023733861487,6.973289328238719
Antipas,1204715000,1204700000,1200000000,110.0216382812992,0,0,0,FALSE,FALSE,NA,53.52439880371094,6909.35595703125,0.03227803483605385,0.07888001762135632,4525.69677734375,42.07208749262677,2.1275773478137823
Banisilan,1204716000,1204700000,1200000000,285.7025848768825,0,0,0,FALSE,FALSE,NA,117.22644805908203,39347.6328125,0.004582808818668127,0.10510266396145487,2512.2568359375,66.195512633346965,3.859314147168238
Aleosan,1204717000,1204700000,1200000000,161.0274567522273,0,0,0,FALSE,FALSE,NA,233.46218872070312,44145.7734375,0,0,6734.89404296875,44.225119877814954,5.351862725369568
Arakan,1204718000,1204700000,1200000000,445.16806722403874,0,0,0,FALSE,FALSE,NA,112.70389556884766,58862.51953125,0.00369668984785676,0.10478510013997919,1570.1636962890625,56.289319197501015,0.774296835357225
Banga,1206302000,1206300000,1200000000,204.0154448189871,0,0,0,FALSE,FALSE,NA,326.4012756347656,78044.3046875,0.10081310570240021,0.09951427317900646,12705.0693359375,6.219960656829428,2.7003693355245573
City of Koronadal,1206306000,1206300000,1200000000,274.94444126463713,0,0,0,FALSE,FALSE,NA,628.224609375,202421.1875,0.44425129890441895,0.12914230623848694,22012.048828125,19.119453527248915,1.153402268497845
Norala,1206311000,1206300000,1200000000,129.3129400495115,0,0,0,FALSE,FALSE,NA,233.37562561035156,35386.75390625,0.038531363010406494,0.15242558850508453,11868.744140625,19.84739535115935,7.197422600632776
Polomolok,1206312000,1206300000,1200000000,312.19482021808847,0,0,0,FALSE,FALSE,NA,457.8522033691406,167361.625,0.4079481065273285,0.1581226149088832,17216.99609375,22.606704932617518,5.058302644097453
Surallah,1206313000,1206300000,1200000000,265.1041560274874,1,1,56.0958,FALSE,TRUE,NA,302.612548828125,94025.578125,0.0853971466422081,0.10018728945399209,10427.7919921875,5.000819683461141,0.5620624886910579
Tampakan,1206314000,1206300000,1200000000,254.64941072057874,0,0,0,FALSE,FALSE,NA,145.04103088378906,43268.98828125,0.014120661653578281,0.0892082078585233,4479.98095703125,31.669742210475718,15.246145948339738
Tantangan,1206315000,1206300000,1200000000,130.02319928245367,0,0,0,FALSE,FALSE,NA,272.114990234375,41482.90234375,0.08385570347309113,0.1353083951632361,10471.90625,22.572225100158867,0.11381885292956473
T'Boli,1206316000,1206300000,1200000000,815.1516821876401,0,0,0,FALSE,FALSE,NA,139.31256103515625,132861.78125,0.011549034155905247,0.07534228424336238,2309.10498046875,26.409361065146342,1.4390026368814106
Tupi,1206317000,1206300000,1200000000,296.3806154416385,0,0,0,FALSE,FALSE,NA,237.42059326171875,82424.09375,0.11435118317604065,0.0816947216037384,6716.146484375,25.581359246859808,3.8974887542851624
Santo Niño,1206318000,1206300000,1200000000,77.37062595862793,0,0,0,FALSE,FALSE,NA,482.16522216796875,43738.42578125,0.0870165005326271,0.1267053927527453,16785.25390625,13.632231400181144,1.0619163638805273
Lake Sebu,1206319000,1206300000,1200000000,853.6915164059202,0,0,0,FALSE,FALSE,NA,144.48927307128906,144585.46875,0.0032712025567889214,0.08138117706268491,1794.779296875,22.618300545706322,5.3040721419675325
Bagumbayan,1206501000,1206500000,1200000000,559.8204443408581,0,0,0,FALSE,FALSE,NA,129.47288513183594,85009.8984375,0.003002955112606287,0.11057791571910844,2624.295654296875,28.15723427870779,2.969260689308227
Columbio,1206502000,1206500000,1200000000,303.72758020083774,0,0,0,FALSE,FALSE,NA,85.54927825927734,30450.556640625,0.0035448491107672453,0.058903069979173286,1622.8460693359375,32.12033061293515,3.8404885004157108
Esperanza,1206503000,1206500000,1200000000,223.97607722155493,0,0,0,FALSE,FALSE,NA,389.6138000488281,102407.6796875,0.03632117807865143,0.15699340462900652,6115.6044921875,49.37132350775917,5.243748368103148
Isulan,1206504000,1206500000,1200000000,524.9726381953844,0,0,0,FALSE,FALSE,NA,217.49539184570312,133972.484375,0.06494889408349991,0.16000203795484896,4747.2919921875,43.44489241146058,11.344869820546696
Kalamansig,1206505000,1206500000,1200000000,476.5315562086019,0,0,0,FALSE,FALSE,NA,80.94347381591797,45275.84375,0.005751254968345165,0.10248706545803582,992.07281494140625,67.43682254089815,1.508938720228583
Lebak,1206506000,1206500000,1200000000,467.11351096239747,0,0,0,FALSE,FALSE,NA,184.61178588867188,101253.71875,0.014376477338373661,0.1381633232233207,3121.383544921875,55.10614059919424,5.774634612583449
Lutayan,1206507000,1206500000,1200000000,167.02587084866727,0,0,0,FALSE,FALSE,NA,338.426025390625,66260.390625,0.04947672784328461,0.0989387048476666,4778.54736328125,29.525385546032645,1.4766220581432437
Lambayong,1206508000,1206500000,1200000000,189.61528187946269,0,0,0,FALSE,FALSE,NA,388.10064697265625,86344.1171875,0.03796425089240074,0.11627421217946658,7949.232421875,35.14808510825366,0.6293008997075648
Palimbang,1206509000,1206500000,1200000000,799.4092308214363,0,0,0,FALSE,FALSE,NA,112.0049057006836,105035.9453125,5.98655198700726e-4,0.1138740413773754,849.69232177734375,56.05718139735219,7.897824913193342
President Quirino,1206510000,1206500000,1200000000,108.95224513752211,0,0,0,FALSE,FALSE,NA,570.11083984375,72853.03125,0.07973705977201462,0.1529706090485969,9694.8916015625,30.216531699789694,2.004004899037254
City of Tacurong,1206511000,1206500000,1200000000,147.149020765571,0,0,0,FALSE,FALSE,NA,541.173583984375,93400.8359375,0.49767783284187317,0.2457910854560389,20938.951171875,33.108337588878214,2.246765646145144
Sen. Ninoy Aquino,1206512000,1206500000,1200000000,271.3883772346773,0,0,0,FALSE,FALSE,NA,266.1737976074219,84746.96875,0.009086882695555687,0.1128213841010029,2974.840576171875,45.75653581824748,1.415864643697059
Alabel,1208001000,1208000000,1200000000,496.8265529294622,0,0,0,FALSE,FALSE,NA,158.01513671875,91838.234375,0.15396352112293243,0.20815579323621886,2704.99755859375,15.433768271146032,12.36264720473534
Glan,1208002000,1208000000,1200000000,712.7181109750454,0,0,0,FALSE,FALSE,NA,131.2887725830078,109392.2109375,0.053422946482896805,0.07443728302062497,1256.207275390625,37.467404880715414,13.353384759011128
Kiamba,1208003000,1208000000,1200000000,430.5732132499149,0,0,0,FALSE,FALSE,NA,108.08370208740234,54512.8046875,0.01680411957204342,0.07517545799909078,1463.3333740234375,40.08786320347677,4.838655789290926
Maasim,1208004000,1208000000,1200000000,447.2873423843451,0,0,0,FALSE,FALSE,NA,113.92178344726562,59643.33203125,0.10898815095424652,0.09963767154597356,1627.600830078125,19.381167033152455,8.401864251579708
Maitum,1208005000,1208000000,1200000000,287.41564862348974,0,0,0,FALSE,FALSE,NA,157.60227966308594,53096.171875,0.014514632523059845,0.1052350886659892,1904.1705322265625,41.02810562716457,1.7842733588093636
Malapatan,1208006000,1208000000,1200000000,571.396586806596,0,0,0,FALSE,FALSE,NA,141.1281280517578,94296.90625,0.0196201354265213,0.10748310491334764,984.011474609375,21.285352182855267,10.920270234669132
Malungon,1208007000,1208000000,1200000000,773.0015163493935,0,0,0,FALSE,FALSE,NA,103.60052490234375,93732.421875,0.01378952618688345,0.07330712983256434,2005.45751953125,29.48529983363857,3.1295302284725666
City of Manila,1380600000,1303900000,1300000000,41.95330709076174,0,0,0,FALSE,FALSE,NA,33455.5703125,1678444.5,30.190399169921875,27.453527620829394,316143.46875,10.840341215730497,0.09431542915127736
City of Mandaluyong,1380500000,1307400000,1300000000,11.334958559101652,0,0,0,FALSE,FALSE,NA,28457.12109375,389616.75,34.44095230102539,32.08800108083833,310024.40625,8.556649701727212,0.6454358650481424
City of Marikina,1380700000,1307400000,1300000000,22.90894670445243,0,0,0,FALSE,FALSE,NA,14299.666015625,395803.96875,16.525779724121094,15.911505845656244,305608.40625,17.866824800319936,0.40535005453339545
City of Pasig,1381200000,1307400000,1300000000,31.266135170699524,0,0,0,FALSE,FALSE,NA,21881.244140625,826349.75,26.79327964782715,25.313194172588922,311718.4375,10.498298191202782,0.9979330884100348
Quezon City,1381300000,1307400000,1300000000,162.48755405261784,0,0,0,FALSE,FALSE,NA,16726.376953125,3284250.75,16.59590721130371,16.28082893703349,263772.65625,19.50985461610036,0.8216131453968852
City of San Juan,1381400000,1307400000,1300000000,5.7625233586020155,0,0,0,FALSE,FALSE,NA,15027.0478515625,104604.4921875,34.60053253173828,36.60435834483291,337053.09375,10.53690100826849,0.6081937059019112
City of Caloocan,1380100000,1307500000,1300000000,53.20838605416538,1,3,69.5111,TRUE,TRUE,1995,25612.578125,1647192.125,11.440950393676758,9.276464130885154,292390.0625,24.527641337115465,0.957601512366927
City of Malabon,1380400000,1307500000,1300000000,15.778430652557631,0,0,0,FALSE,FALSE,NA,20061.287109375,382494.15625,11.178194046020508,11.608402942914218,262134.03125,19.471591552823345,1.4844849723958928
City of Navotas,1380900000,1307500000,1300000000,10.507341143709782,0,0,0,FALSE,FALSE,NA,20182.6171875,256256.140625,8.968501091003418,4.671847916946076,157197.65625,20.188364911684335,2.8895338686641834
City of Valenzuela,1381600000,1307500000,1300000000,46.55065820992745,0,0,0,FALSE,FALSE,NA,11567.4482421875,650781.6875,11.27877140045166,10.869668952565076,266246.34375,22.712795688948717,1.0183467098021006
City of Las Piñas,1380200000,1307600000,1300000000,32.73704694204105,0,0,0,FALSE,FALSE,NA,15325.400390625,605629.5625,15.041491508483887,14.602874794015738,278662.78125,7.90163871301984,0.21993336746005138
City of Makati,1380300000,1307600000,1300000000,24.95728780654661,0,0,0,FALSE,FALSE,NA,13845.146484375,417315.53125,46.80904006958008,45.3712248863131,326207.21875,5.133951712003179,0.04644167776747872
City of Muntinlupa,1380800000,1307600000,1300000000,39.16259821279507,1,2,123.941,TRUE,FALSE,2006,9607.9306640625,454132.5625,16.771806716918945,13.628905999924385,200274.859375,11.853177901969664,0.6060110477343982
City of Parañaque,1381000000,1307600000,1300000000,44.81811631366044,1,1,24,TRUE,FALSE,1999,13954.3427734375,755090.4375,25.116920471191406,18.972285643525566,279938.375,2.826264148574667,1.5713745647461084
Pasay City,1381100000,1307600000,1300000000,17.882744000818434,1,2,27.261,FALSE,TRUE,NA,14630.5654296875,315953.28125,44.705970764160156,38.45136208227706,255364.625,3.0547662073395365,0.011963654823614826
City of Taguig,1381500000,1307600000,1300000000,35.520538320793165,0,0,0,FALSE,FALSE,NA,16984.302734375,725277.875,19.964750289916992,19.229218140421107,238277.4375,4.649917429930238,1.0613440122744384
Pateros,1381701000,1307600000,1300000000,1.6083418364411177,0,0,0,FALSE,FALSE,NA,33500.48046875,65070.2734375,29.77018165588379,28.992179268538283,352619.5,6.688773292504243,1.2774235878154283
Bangued,1400101000,1400100000,1400000000,119.0459230505006,0,0,0,FALSE,FALSE,NA,253.3801727294922,36978.984375,0.146957665681839,0.12962430681311582,14006.7138671875,62.82780979500537,1.7453746483958987
Boliney,1400102000,1400100000,1400000000,178.9997143311521,0,0,0,FALSE,FALSE,NA,34.00809860229492,7453.75439453125,0,0,485.3748779296875,94.99447880434968,17.55506602141049
Bucay,1400103000,1400100000,1400000000,99.02168832546772,0,0,0,FALSE,FALSE,NA,168.75950622558594,20477.4453125,0.024470265954732895,0.10792349996646987,5334.322265625,74.89290629364702,8.171014537875006
Bucloc,1400104000,1400100000,1400000000,57.94284793111842,0,0,0,FALSE,FALSE,NA,31.2172908782959,2215.58837890625,0,0,927.2379150390625,88.31777277887959,13.989906012149573
Daguioman,1400105000,1400100000,1400000000,93.08943066181702,0,0,0,FALSE,FALSE,NA,10.86729907989502,1239.1920166015625,0.008624446578323841,0.06727573937154611,571.23394775390625,85.62467570484706,6.227272810300392
Danglas,1400106000,1400100000,1400000000,177.63008899638976,0,0,0,FALSE,FALSE,NA,14.921334266662598,3251.700439453125,0.007135483901947737,0.09582461157566409,543.20550537109375,48.54459797767623,4.259427421587942
Dolores,1400107000,1400100000,1400000000,44.76787704307928,0,0,0,FALSE,FALSE,NA,271.4711608886719,14902.416015625,0.07484136521816254,0.11799417697682901,7545.3984375,61.882027966917725,1.9787945238842461
La Paz,1400108000,1400100000,1400000000,51.77222871634021,0,0,0,FALSE,FALSE,NA,220.670166015625,14010.029296875,0.12062613666057587,0.11341929876508261,7863.63134765625,57.95044154030337,0.7094411827903497
Lacub,1400109000,1400100000,1400000000,247.6724133908282,0,0,0,FALSE,FALSE,NA,9.5626983642578125,2904.9267578125,0,0,231.75523376464844,70.54190900051007,12.845083664038786
Lagangilang,1400110000,1400100000,1400000000,91.7727212585888,0,0,0,FALSE,FALSE,NA,131.35511779785156,14780.9140625,0.023719891905784607,0.11738276135207239,4408.47802734375,65.33721802222159,4.449362519056248
Lagayan,1400111000,1400100000,1400000000,133.06543067926964,0,0,0,FALSE,FALSE,NA,34.32419204711914,5604.51220703125,0.0051969243213534355,0.08090257278019464,836.20281982421875,48.026921834768586,4.043794646650633
Langiden,1400112000,1400100000,1400000000,89.67490222291374,0,0,0,FALSE,FALSE,NA,30.328004837036133,3334.070556640625,0.001844717306084931,0.104672315832089,862.92694091796875,62.46744516292728,6.6976796980213695
Licuan-Baay,1400113000,1400100000,1400000000,274.86202618889564,0,0,0,FALSE,FALSE,NA,26.839473724365234,9042.6630859375,0.0015267443377524614,0.0880687435129953,391.0778503417969,75.850850569518,1.7359862609088752
Luba,1400114000,1400100000,1400000000,136.37258268765447,0,0,0,FALSE,FALSE,NA,41.541316986083984,6934.60791015625,2.95960926450789e-4,0.09881116449832916,1852.475341796875,90.69898549213093,12.9634332873613
Malibcong,1400115000,1400100000,1400000000,259.9721271467098,0,0,0,FALSE,FALSE,NA,18.969697952270508,6045.26513671875,0,0,391.0397033691406,75.7160202348287,8.189460663206418
Manabo,1400116000,1400100000,1400000000,77.04301301266422,0,0,0,FALSE,FALSE,NA,114.63261413574219,10815.908203125,0.02962413802742958,0.07775810710808914,5060.03076171875,86.5420758620822,19.476636193174528
Peñarrubia,1400117000,1400100000,1400000000,39.33326604497099,0,0,0,FALSE,FALSE,NA,144.22030639648438,6951.66552734375,0.04243405535817146,0.1206343579959984,4807.19091796875,72.0215596441599,6.193257214824951
Pidigan,1400118000,1400100000,1400000000,54.13206238271462,0,0,0,FALSE,FALSE,NA,170.59194946289062,11316.4931640625,0.06620033830404282,0.12213159036024346,6368.03515625,70.59297120735566,2.0200637424742727
Pilar,1400119000,1400100000,1400000000,84.3176406375296,0,0,0,FALSE,FALSE,NA,94.86845397949219,9793.919921875,0.004308115690946579,0.07473769265775194,4760.1318359375,88.5994839274044,10.637808390810834
Sallapadan,1400120000,1400100000,1400000000,132.59949258184983,0,0,0,FALSE,FALSE,NA,33.53764724731445,5448.06298828125,0.004495509900152683,0.10390283630912384,1392.433349609375,81.66665321766519,11.471509360099898
San Isidro,1400121000,1400100000,1400000000,46.02744684683813,0,0,0,FALSE,FALSE,NA,100.08134460449219,5643.20458984375,0.021211154758930206,0.07056530652006583,3512.9755859375,78.03455227735986,9.573827310261022
San Juan,1400122000,1400100000,1400000000,68.22559110267613,0,0,0,FALSE,FALSE,NA,167.27394104003906,13998.4990234375,0.021561244502663612,0.0893388009166652,3859.833251953125,57.02732095008213,8.434955703146317
San Quintin,1400123000,1400100000,1400000000,57.19624603806984,0,0,0,FALSE,FALSE,NA,73.77442169189453,5170.357421875,0.04512675106525421,0.11306312954524048,2939.93994140625,72.32862061006567,0.7470368526876462
Tayum,1400124000,1400100000,1400000000,48.51518307744325,0,0,0,FALSE,FALSE,NA,268.7099304199219,15982.146484375,0.09260999411344528,0.11256964448203476,9353.5869140625,64.72242117185938,1.081559638158548
Tineg,1400125000,1400100000,1400000000,744.0939916299129,0,0,0,FALSE,FALSE,NA,6.615089416503906,6041.97998046875,0.0016476941527798772,0.05875402968971458,64.36407470703125,54.88192049255879,23.259319970983878
Tubo,1400126000,1400100000,1400000000,430.8780238543966,0,0,0,FALSE,FALSE,NA,11.720415115356445,6179.4853515625,0,0,374.98785400390625,90.57449318974247,16.534608604823525
Villaviciosa,1400127000,1400100000,1400000000,88.56177827933664,0,0,0,FALSE,FALSE,NA,64.74822998046875,7021.701171875,0.0074659110978245735,0.0919269772126787,1982.7374267578125,87.18974876701951,16.133680193446736
Atok,1401101000,1401100000,1400000000,178.4125631326591,0,0,0,FALSE,FALSE,NA,97.20813751220703,21149.01171875,0.033866435289382935,0.06937535572900219,3084.748046875,25.97047431123348,3.0763312226725303
Bakun,1401103000,1401100000,1400000000,315.05696211175365,0,0,0,FALSE,FALSE,NA,50.70894241333008,19503.666015625,0.018854402005672455,0.06214179093787023,1182.15283203125,47.3049901707882,5.963297171375246
Bokod,1401104000,1401100000,1400000000,392.1166248260343,0,0,0,FALSE,FALSE,NA,29.047834396362305,13880.55078125,0.02140401117503643,0.07048365085942938,1183.055419921875,21.85824278889191,1.363422004868871
Buguias,1401105000,1401100000,1400000000,176.1731790811568,0,0,0,FALSE,FALSE,NA,279.42132568359375,60076.53515625,0.10120603442192078,0.08063994864954871,7275.59423828125,47.17926298076377,0.5959268530860946
Itogon,1401106000,1401100000,1400000000,437.88946628883684,0,0,0,FALSE,FALSE,NA,154.7322998046875,82510.1328125,0.13405407965183258,0.09836816021380834,4225.8623046875,11.355509610090436,9.530619561851184
Kabayan,1401107000,1401100000,1400000000,190.14553316647599,0,0,0,FALSE,FALSE,NA,79.111907958984375,18346.580078125,0.02061351388692856,0.05762557221042956,2000.099365234375,36.01213278935444,0.37156853033055326
Kapangan,1401108000,1401100000,1400000000,181.04193465824687,0,0,0,FALSE,FALSE,NA,141.03729248046875,31138.279296875,0.011576774530112743,0.07491806981102633,1847.2928466796875,25.888893448228256,3.0704609701518435
Kibungan,1401109000,1401100000,1400000000,167.09427762419276,0,0,0,FALSE,FALSE,NA,96.3351821899414,19640.158203125,0.0031489336397498846,0.06509621275747221,1632.9383544921875,36.616043769675855,0.4985296855303341
La Trinidad,1401110000,1401100000,1400000000,70.57202185760062,0,0,0,FALSE,FALSE,NA,2356.4443359375,202654.859375,2.043856143951416,1.2551429284024738,46247.671875,10.114908417050335,0.30713370764385384
Mankayan,1401111000,1401100000,1400000000,146.2107516119878,0,0,0,FALSE,FALSE,NA,228.84864807128906,40858.35546875,0.11190847307443619,0.07213970413664877,8029.6142578125,56.31706506991348,0.1858736370158493
Sablan,1401112000,1401100000,1400000000,101.44583405264966,0,0,0,FALSE,FALSE,NA,85.3981704711914,10558.96875,0.07274023443460464,0.09151123219803897,3213.989013671875,17.494510767521675,2.1082930466797976
Tuba,1401113000,1401100000,1400000000,342.38292524515884,0,0,0,FALSE,FALSE,NA,120.34097290039062,50174.46484375,0.17741645872592926,0.10369893303883042,4359.5400390625,9.053579964758043,4.674354760605433
Tublay,1401114000,1401100000,1400000000,76.30615954944452,0,0,0,FALSE,FALSE,NA,258.35064697265625,24028.94921875,0.2697701156139374,0.13372657867323237,6076.615234375,14.608565617369743,0.18200665049628956
Banaue,1402701000,1402700000,1400000000,191.7596470229927,0,0,0,FALSE,FALSE,NA,109.13968658447266,25565.658203125,0.011014743708074093,0.09769644959334906,1968.3970947265625,69.06504588165724,1.5032729803832496
Hungduan,1402702000,1402700000,1400000000,240.94703512683498,0,0,0,FALSE,FALSE,NA,35.23621368408203,10368.1806640625,0,0,673.71990966796875,67.28305152801414,8.086399837142546
Kiangan,1402703000,1402700000,1400000000,119.83502704411377,0,0,0,FALSE,FALSE,NA,128.22634887695312,18755.826171875,0.015271024778485298,0.0976969638194804,3887.94482421875,66.84707197698839,0.15809426132377624
Lagawe,1402704000,1402700000,1400000000,229.59368263952496,0,0,0,FALSE,FALSE,NA,73.95912170410156,20727.47265625,0.027599172666668892,0.1310723880727713,2926.839599609375,59.395487451914185,8.131228673979559
Lamut,1402705000,1402700000,1400000000,150.01027895658586,0,0,0,FALSE,FALSE,NA,140.45079040527344,25705.84765625,0.026100894436240196,0.1323985327815675,6812.60498046875,64.68752396782186,0.2915019770729893
Mayoyao,1402706000,1402700000,1400000000,273.4112406036643,0,0,0,FALSE,FALSE,NA,48.94989013671875,16345.982421875,0,0,851.0941162109375,54.569588309959265,5.80107846137604
Alfonso Lista,1402707000,1402700000,1400000000,358.49951367629836,0,0,0,FALSE,FALSE,NA,85.38660430908203,37119.96875,0.014525318518280983,0.09704829821399287,4118.74853515625,27.493913814920987,6.8823457429328965
Aguinaldo,1402708000,1402700000,1400000000,450.0190286105777,0,0,0,FALSE,FALSE,NA,46.071136474609375,25238.173828125,4.686578758992255e-4,0.09527065315636266,1272.230712890625,41.650086245814705,2.951645941517429
Hingyon,1402709000,1402700000,1400000000,56.472947211068266,0,0,0,FALSE,FALSE,NA,125.56380462646484,8659.123046875,0,0,5031.78955078125,69.4763337107036,2.507042911483988
Tinoc,1402710000,1402700000,1400000000,228.93483114859617,0,0,0,FALSE,FALSE,NA,70.3692626953125,19656.16796875,0,0,1471.6639404296875,50.13047399419886,1.6101760776440857
Asipulo,1402711000,1402700000,1400000000,205.0993788542983,0,0,0,FALSE,FALSE,NA,85.68933868408203,21441.150390625,0,0,1181.2047119140625,57.0012368170321,7.628475430600581
Balbalan,1403201000,1403200000,1400000000,632.5151009659955,0,0,0,FALSE,FALSE,NA,17.24912452697754,13370.572265625,0,0,458.35162353515625,61.769430875967515,3.723705933378451
Lubuagan,1403206000,1403200000,1400000000,61.9990928727772,0,0,0,FALSE,FALSE,NA,79.14971160888672,6007.87939453125,0,0,2806.941650390625,67.14654226731672,0.3395246032876215
Pasil,1403208000,1403200000,1400000000,336.4910475661363,0,0,0,FALSE,FALSE,NA,20.263839721679688,8348.01953125,0,0,569.9595947265625,78.65110903277619,10.736043454501688
Pinukpuk,1403209000,1403200000,1400000000,365.71370686136817,0,0,0,FALSE,FALSE,NA,87.81610107421875,39364.265625,0,0,3017.0859375,38.52728921132451,5.507756706834568
Rizal,1403211000,1403200000,1400000000,185.06438852322447,0,0,0,FALSE,FALSE,NA,100.52452850341797,22792.859375,0.009854571893811226,0.10346437213617143,4666.0478515625,22.660366998388657,2.034570276963832
City of Tabuk,1403213000,1403200000,1400000000,689.2111984265681,0,0,0,FALSE,FALSE,NA,199.6918182373047,168542.453125,0.0662970021367073,0.11747707079736588,6062.79541015625,41.283694935934754,0.2505102204065946
Tanudan,1403214000,1403200000,1400000000,338.9639440984571,0,0,0,FALSE,FALSE,NA,31.262378692626953,12968.3427734375,0,0,525.3526611328125,63.48105808211151,11.447100575831499
Tinglayan,1403215000,1403200000,1400000000,213.83464102511383,0,0,0,FALSE,FALSE,NA,63.0260124206543,16491.888671875,0,0,1017.8284301757812,77.53855642287294,2.608625508832093
Barlig,1404401000,1404400000,1400000000,252.53859646128583,0,0,0,FALSE,FALSE,NA,19.597850799560547,6050.376953125,0,0,451.77545166015625,67.4855815708833,0.28650319411606573
Bauko,1404402000,1404400000,1400000000,128.9335031246624,0,0,0,FALSE,FALSE,NA,194.08609008789062,30568.865234375,0.010470821522176266,0.056484430206267616,6903.35791015625,67.11470643202608,1.7400728253262456
Besao,1404403000,1404400000,1400000000,130.50342608411043,0,0,0,FALSE,FALSE,NA,60.016326904296875,9577.275390625,0,0,1159.7301025390625,81.08815060461328,12.60474710773772
Bontoc,1404404000,1404400000,1400000000,279.5236089134124,0,0,0,FALSE,FALSE,NA,62.655635833740234,21412.548828125,0.012702442705631256,0.09859624737906582,2329.252685546875,84.11224172030609,0.19392563169910731
Natonin,1404405000,1404400000,1400000000,360.6946671433162,0,0,0,FALSE,FALSE,NA,25.03633689880371,11042.2744140625,0,0,493.7710266113281,54.55488081636237,0.6472327615064256
Paracelis,1404406000,1404400000,1400000000,470.72821009043656,0,0,0,FALSE,FALSE,NA,57.74262619018555,33246.1953125,0,0,1972.092529296875,42.01983184569996,5.712493930865811
Sabangan,1404407000,1404400000,1400000000,113.66351778954893,0,0,0,FALSE,FALSE,NA,83.01029968261719,11527.8681640625,0.005936010740697384,0.0843467096684253,2250.581787109375,72.85923234427774,1.8863170231625708
Sadanga,1404408000,1404400000,1400000000,175.97987377481013,0,0,0,FALSE,FALSE,NA,39.152671813964844,8428.2001953125,0,0,758.37994384765625,82.90975321900667,3.2032872026564747
Sagada,1404409000,1404400000,1400000000,65.09160966715882,0,0,0,FALSE,FALSE,NA,144.34068298339844,11486.791015625,0.020948126912117004,0.08765958659813058,5695.85498046875,84.31331157656129,4.891241410283383
Tadian,1404410000,1404400000,1400000000,135.4951335896276,0,0,0,FALSE,FALSE,NA,213.78961181640625,35396.41015625,0.005354469642043114,0.06906860603970913,3772.454833984375,69.85959085558953,0.15944611934722713
Calanasan,1408101000,1408100000,1400000000,1363.2272091722004,0,0,0,FALSE,FALSE,NA,13.924452781677246,23360.404296875,0,0,217.5941162109375,58.51495915448084,28.118855679140815
Conner,1408102000,1408100000,1400000000,704.3453018918638,0,0,0,FALSE,FALSE,NA,35.08711242675781,30322.025390625,0,0,1630.78271484375,52.32397293427749,6.662957605926471
Flora,1408103000,1408100000,1400000000,242.97982382333154,0,0,0,FALSE,FALSE,NA,49.06976318359375,14658.9375,0.00550443958491087,0.09989641958237877,3194.52490234375,35.416964641611315,7.226601952523057
Kabugao,1408104000,1408100000,1400000000,989.8582504964668,0,0,0,FALSE,FALSE,NA,20.229755401611328,24601.478515625,7.485810201615095e-4,0.09354597387958938,500.10638427734375,65.98113855433324,9.10204365640958
Luna,1408105000,1408100000,1400000000,320.61100691876464,0,0,0,FALSE,FALSE,NA,61.065711975097656,24094.412109375,0.014090836979448795,0.10435496955202853,2681.92578125,48.90690235101277,7.4841466891800925
Pudtol,1408106000,1408100000,1400000000,303.15194975445627,0,0,0,FALSE,FALSE,NA,43.45506286621094,16197.6201171875,0.005293647293001413,0.08726480008340685,1887.5830078125,46.23453733322587,1.2182101002990673
Santa Marcela,1408107000,1408100000,1400000000,64.92064060730063,0,0,0,FALSE,FALSE,NA,158.21095275878906,12637.517578125,0.029465416446328163,0.11882992610926243,10333.7939453125,32.867288225027,7.28847369793884
Buenavista,1600201000,1600200000,1600000000,438.8982014735954,0,0,0,FALSE,FALSE,NA,136.10302734375,70301.8671875,0.13148875534534454,0.09319824829574712,1984.6334228515625,16.152410023556914,13.950607945774781
City of Cabadbaran,1600203000,1600200000,1600000000,337.35404027619956,0,0,0,FALSE,FALSE,NA,235.17059326171875,93374.8515625,0.10722390562295914,0.11602401448864938,3721.05712890625,28.77191810611189,10.356858689436882
Carmen,1600204000,1600200000,1600000000,129.76494985766837,0,0,0,FALSE,FALSE,NA,141.49542236328125,21622.078125,0.11098069697618484,0.0836676444700534,2146.417236328125,24.21214325293831,4.584533707364735
Jabonga,1600205000,1600200000,1600000000,273.5261474280396,0,0,0,FALSE,FALSE,NA,73.60189056396484,23711.015625,0.007198827341198921,0.038725736256235384,657.37506103515625,45.999201383586524,5.738877937630539
Kitcharao,1600206000,1600200000,1600000000,144.510523739009,0,0,0,FALSE,FALSE,NA,61.76162338256836,10513.8212890625,0.023605432361364365,0.11574432598299368,1463.797119140625,41.65347358508875,7.716876220836625
Las Nieves,1600207000,1600200000,1600000000,193.68187486208197,0,0,0,FALSE,FALSE,NA,87.93058013916016,20030.90625,0.006564208306372166,0.13811783176786432,1544.890380859375,24.162465493393253,8.384293448616212
Magallanes,1600208000,1600200000,1600000000,36.84735505931324,0,0,0,FALSE,FALSE,NA,631.32061767578125,27378.75,0.10491989552974701,0.11807215068451263,8514.859375,11.13280999015593,5.503551051575274
Nasipit,1600209000,1600200000,1600000000,108.83982896533047,0,0,0,FALSE,FALSE,NA,327.20452880859375,41925.87109375,0.29105788469314575,0.1608982886185349,5279.00634765625,16.175899346713344,4.445015808347415
Santiago,1600210000,1600200000,1600000000,197.58321665717327,0,0,0,FALSE,FALSE,NA,119.17774963378906,27724.4609375,0.029761014506220818,0.07934599752759311,1185.3173828125,38.68560906979171,9.091353246389623
Tubay,1600211000,1600200000,1600000000,95.30689793634373,0,0,0,FALSE,FALSE,NA,202.0417022705078,22674.470703125,0.10866840928792953,0.12371406503452086,2519.700927734375,30.158248610484208,1.6186278327036294
Remedios T. Romualdez,1600212000,1600200000,1600000000,82.87761366978617,0,0,0,FALSE,FALSE,NA,232.6272430419922,22685.798828125,0.028656786307692528,0.14696203792594997,3119.028564453125,23.069396390839252,7.192573361876498
City of Bayugan,1600301000,1600300000,1600000000,479.69496341138796,0,0,0,FALSE,FALSE,NA,201.5423583984375,113623.3671875,0.07352618128061295,0.1110189883830439,3366.4697265625,41.14003922885676,5.274206495593686
Bunawan,1600302000,1600300000,1600000000,467.41420217715654,0,0,0,FALSE,FALSE,NA,71.14681243896484,38999.72265625,0.03258894383907318,0.04869247272938394,1224.8525390625,31.98301715843906,3.9322165323606737
Esperanza,1600303000,1600300000,1600000000,1338.405007002119,0,0,0,FALSE,FALSE,NA,45.851680755615234,72163.6640625,0.0014795562019571662,0.07980862164129467,476.3872985839844,37.77358844602466,15.99057460594916
La Paz,1600304000,1600300000,1600000000,977.44425156449,0,0,0,FALSE,FALSE,NA,34.951438903808594,40120.65625,8.589127101004124e-4,0.08437170782339493,271.83709716796875,78.21070326849444,18.336471423275057
Loreto,1600305000,1600300000,1600000000,1105.301744409128,0,0,0,FALSE,FALSE,NA,45.26235580444336,58721.48046875,0.0038091205060482025,0.07835655540895792,414.98553466796875,73.10150693227999,15.157946535302504
Prosperidad,1600306000,1600300000,1600000000,495.3757216382647,0,0,0,FALSE,FALSE,NA,145.3572540283203,84573.4609375,0.0774150863289833,0.09426720970697804,2456.359375,55.46855277328695,0.09409975521965874
Rosario,1600307000,1600300000,1600000000,393.55474302185877,0,0,0,FALSE,FALSE,NA,166.18392944335938,76726.4296875,0.0678514614701271,0.12213224573993996,1995.0052490234375,35.2555836575567,2.6867897558132476
San Francisco,1600308000,1600300000,1600000000,355.6376813280739,0,0,0,FALSE,FALSE,NA,217.33407592773438,90730.5546875,0.08472860604524612,0.09051458924978903,3544.15185546875,51.42626216790075,2.1226623228127406
San Luis,1600309000,1600300000,1600000000,1025.822362943968,0,0,0,FALSE,FALSE,NA,32.05211639404297,38638.19140625,8.699795580469072e-4,0.11248148256902779,293.6062927246094,57.76930272678995,20.81186875082125
Santa Josefa,1600310000,1600300000,1600000000,111.62838971158594,0,0,0,FALSE,FALSE,NA,173.80902099609375,22743.85546875,0.02295556664466858,0.07827644762221317,5103.70556640625,39.50731074331739,0.8106528808549598
Talacogon,1600311000,1600300000,1600000000,354.6783201375854,0,0,0,FALSE,FALSE,NA,152.46653747558594,63496.91015625,0.014038353227078915,0.09256512228139264,1504.181884765625,63.10792297139665,0.5139392394624785
Trento,1600312000,1600300000,1600000000,403.53827127839344,0,0,0,FALSE,FALSE,NA,107.68899536132812,50929.4921875,0.02526932582259178,0.04868159306619275,2732.291015625,24.066483611775272,5.35140315882927
Veruela,1600313000,1600300000,1600000000,267.4992418988126,0,0,0,FALSE,FALSE,NA,177.9910125732422,55836.77734375,0.0048720696941018105,0.07816506661002219,1744.3406982421875,49.276434291880484,0.3055223811374208
Sibagat,1600314000,1600300000,1600000000,732.6646513640679,0,0,0,FALSE,FALSE,NA,49.44498062133789,42602.36328125,0.007422516122460365,0.08512287104415195,614.5439453125,32.73040920344404,14.932786145106027
Alegria,1606701000,1606700000,1600000000,80.44630042834248,0,0,0,FALSE,FALSE,NA,183.6738739013672,17409.76171875,0.06460510194301605,0.10452694714383758,2679.64404296875,33.094958757290506,2.69676885607905
Bacuag,1606702000,1606700000,1600000000,63.198585718271325,0,0,0,FALSE,FALSE,NA,162.9870147705078,12139.0224609375,0.025320393964648247,0.08714435560464506,3994.794921875,26.073702269468455,1.340554004222948
Burgos,1606704000,1606700000,1600000000,16.867852332200947,0,0,0,FALSE,FALSE,NA,225.48597717285156,4482.2529296875,0.08948429673910141,0.11271085055208582,2750.610595703125,70.60806633059751,0.8446690865725419
Claver,1606706000,1606700000,1600000000,288.2301262930602,0,0,0,FALSE,FALSE,NA,146.8739471435547,49844.23828125,0.48292458057403564,0.14826503810102726,2401.9111328125,45.774696179627206,8.330495802384307
Dapa,1606707000,1606700000,1600000000,84.66052122395617,0,0,0,FALSE,FALSE,NA,174.39987182617188,17386.95703125,0.09970423579216003,0.07676076706625001,3078.377197265625,62.207649840620924,1.0972628632770887
Del Carmen,1606708000,1606700000,1600000000,149.03899223347014,0,0,0,FALSE,FALSE,NA,150.2195281982422,26378.830078125,0.022985247895121574,0.0335569939649687,1794.1966552734375,57.76101341539293,1.9318186512007702
General Luna,1606710000,1606700000,1600000000,47.31503478680028,0,0,0,FALSE,FALSE,NA,294.86285400390625,16427.888671875,0.22720560431480408,0.10356434893309138,4214.2392578125,71.77977721284078,6.113022056303862
Gigaquit,1606711000,1606700000,1600000000,142.2042568125921,0,0,0,FALSE,FALSE,NA,88.581573486328125,14836.359375,0.021302344277501106,0.13061778227955584,2018.515625,35.73160228905458,5.529335334165735
Mainit,1606714000,1606700000,1600000000,108.17772585052231,0,0,0,FALSE,FALSE,NA,224.63587951660156,28644.14453125,0.08760053664445877,0.09787880595624149,4177.98095703125,21.628132465181068,7.138919726503784
Malimono,1606715000,1606700000,1600000000,99.12493482639256,0,0,0,FALSE,FALSE,NA,155.48480224609375,18172.328125,0.007817897945642471,0.09504546085417268,2169.63134765625,21.649612951114534,14.18068841780433
Pilar,1606716000,1606700000,1600000000,74.9947450788398,0,0,0,FALSE,FALSE,NA,154.372802734375,13636.8701171875,0.03224888816475868,0.04648670671963564,1886.2833251953125,67.2233215748561,2.0114760529782143
Placer,1606717000,1606700000,1600000000,64.85096708293032,0,0,0,FALSE,FALSE,NA,315.6198425292969,24128.974609375,0.12377696484327316,0.09678477613211658,6392.15087890625,17.43875634526123,1.1848417210770938
San Benito,1606718000,1606700000,1600000000,49.82156791613981,0,0,0,FALSE,FALSE,NA,58.087581634521484,3402.64697265625,0.01301119476556778,0.06033952213624864,930.0679931640625,60.994423245325166,0.4129207503532805
San Francisco,1606719000,1606700000,1600000000,56.02113613962942,0,0,0,FALSE,FALSE,NA,210.83761596679688,13933.3515625,0.03522271290421486,0.12155386389628019,3077.465087890625,8.5261414976950185,8.182165731810398
San Isidro,1606720000,1606700000,1600000000,52.567847705756876,0,0,0,FALSE,FALSE,NA,129.89447021484375,8045.37060546875,0.03155971318483353,0.060992585496590285,2526.444580078125,67.82163791137083,2.01864361142094
Santa Monica,1606721000,1606700000,1600000000,30.437160846822728,0,0,0,FALSE,FALSE,NA,315.5500183105469,11319.8203125,0.06341008841991425,0.07404093120413444,4859.935546875,68.81799984038483,1.0328228898910117
Sison,1606722000,1606700000,1600000000,65.60969519335188,0,0,0,FALSE,FALSE,NA,113.61691284179688,8789.986328125,0.027739765122532845,0.07706890371166207,3435.957275390625,12.16060611200624,3.7972209297901176
Socorro,1606723000,1606700000,1600000000,126.88158977561139,0,0,0,FALSE,FALSE,NA,128.51416015625,19203.904296875,0.024688249453902245,0.11016492396274324,2176.175537109375,52.04687183057645,15.773070492559391
City of Surigao,1606724000,1606700000,1600000000,284.041173900948,0,0,0,FALSE,FALSE,NA,442.5525207519531,148247.25,0.328870952129364,0.11071789927190868,8450.60546875,7.0732378536091725,1.3376896910819096
Tagana-An,1606725000,1606700000,1600000000,64.43901332747681,0,0,0,FALSE,FALSE,NA,174.05377197265625,13213.369140625,0.038288459181785583,0.0877225417750691,2795.166259765625,13.239059296882221,1.3565649180298414
Tubod,1606727000,1606700000,1600000000,37.416586862055965,0,0,0,FALSE,FALSE,NA,357.9479675292969,15786.388671875,0.29815474152565,0.14387418707429775,6407.62255859375,22.340901327661218,0.5734290665105428
Barobo,1606801000,1606800000,1600000000,233.7709446703938,0,0,0,FALSE,FALSE,NA,196.59849548339844,53927.70703125,0.026620706543326378,0.07108575391388466,1952.1031494140625,42.41093985680405,0.5991050554733138
Bayabas,1606802000,1606800000,1600000000,54.159816441949374,0,0,0,FALSE,FALSE,NA,102.92742156982422,6545.89013671875,0.07561756670475006,0.09820712243847157,2080.156005859375,16.25124364436141,2.5766127099309326
City of Bislig,1606803000,1606800000,1600000000,417.24844711796146,0,0,0,FALSE,FALSE,NA,148.0556182861328,72388.21875,0.11535563319921494,0.1103112357476561,3439.29443359375,4.174770095764339,4.5321871247513865
Cagwait,1606804000,1606800000,1600000000,78.90715116553558,0,0,0,FALSE,FALSE,NA,117.76263427734375,10908.1513671875,0.08599966764450073,0.10995334828240289,3527.4130859375,22.78549397520995,2.2721712915040975
Cantilan,1606805000,1606800000,1600000000,204.18891490414944,0,0,0,FALSE,FALSE,NA,137.78102111816406,33105.65234375,0.03392937406897545,0.11263131550105361,2890.95556640625,41.66770106496976,8.015384134243918
Carmen,1606806000,1606800000,1600000000,159.28345188398944,0,0,0,FALSE,FALSE,NA,49.79167938232422,9329.5634765625,0.00854441337287426,0.11842811682838884,1037.7508544921875,32.93882808327245,11.622416974339341
Carrascal,1606807000,1606800000,1600000000,245.35608520353034,0,0,0,FALSE,FALSE,NA,84.73805236816406,24470.95703125,0.07540082186460495,0.09906540490680671,1827.53662109375,47.98301616030582,3.5790450107971834
Cortes,1606808000,1606800000,1600000000,121.09294067080141,0,0,0,FALSE,FALSE,NA,89.55492401123047,12747.4404296875,0.008576391264796257,0.05750620430624613,1381.5513916015625,15.530495383967189,2.259025052524496
Hinatuan,1606809000,1606800000,1600000000,325.89741752896254,0,0,0,FALSE,FALSE,NA,104.1946029663086,39809.01171875,0.01239032857120037,0.09453118660356881,1460.96826171875,22.00389138440923,1.1719432288392715
Lanuza,1606810000,1606800000,1600000000,319.70390374182955,0,0,0,FALSE,FALSE,NA,38.64701461791992,14527.5263671875,0.009188148193061352,0.08951240079171437,485.32684326171875,20.258327342553066,7.163186196115753
Lianga,1606811000,1606800000,1600000000,315.7104964456906,0,0,0,FALSE,FALSE,NA,92.65546417236328,34344.45703125,0.022639885544776917,0.09789054908826345,974.8367919921875,43.15360614688594,4.884332764060037
Lingig,1606812000,1606800000,1600000000,301.34363240023913,0,0,0,FALSE,FALSE,NA,110.13743591308594,38868.6796875,0.010915219783782959,0.07595799955002532,1313.034912109375,15.56229944434187,2.463580558310502
Madrid,1606813000,1606800000,1600000000,144.25417443597217,0,0,0,FALSE,FALSE,NA,90.97991943359375,15440.724609375,0.06404006481170654,0.11670269776955505,2192.54248046875,36.38627063898801,7.518148835099972
Marihatag,1606814000,1606800000,1600000000,197.3921382467116,0,0,0,FALSE,FALSE,NA,71.9109878540039,16664.830078125,0.025557400658726692,0.10427130729905254,1086.1942138671875,27.760062432935182,6.90238947423254
San Agustin,1606815000,1606800000,1600000000,91.39825042124906,0,0,0,FALSE,FALSE,NA,138.1022491455078,14816.3251953125,0.03997773304581642,0.1237642298495526,2484.925048828125,35.43773891342984,1.2751925549314844
San Miguel,1606816000,1606800000,1600000000,658.1318790586758,0,0,0,FALSE,FALSE,NA,67.93949890136719,52544.18359375,0.011858303099870682,0.09994659777438811,676.70953369140625,25.873195048688828,26.47546714891454
Tagbina,1606817000,1606800000,1600000000,361.45504413283004,0,0,0,FALSE,FALSE,NA,65.6153793334961,27816.796875,0.013922590762376785,0.06978593053281779,1441.0699462890625,29.00353387353149,1.8806374154136825
Tago,1606818000,1606800000,1600000000,323.0575655308704,0,0,0,FALSE,FALSE,NA,106.43529510498047,40389.58203125,0.021922642365098,0.1116187761177462,1387.510498046875,13.882675632730036,12.359203864078383
City of Tandag,1606819000,1606800000,1600000000,182.53704680133734,0,0,0,FALSE,FALSE,NA,200.6484832763672,43038.95703125,0.2613382637500763,0.0964419238385563,4402.44189453125,4.747980414625834,4.19733191663314
Basilisa,1608501000,1608500000,1600000000,100.03755618619378,0,0,0,FALSE,FALSE,NA,300.5733337402344,35160.67578125,0.013604904524981976,0.11024107448444856,1656.3907470703125,37.969340647997,1.6680238365898779
Cagdianao,1608502000,1608500000,1600000000,199.88036781209573,0,0,0,FALSE,FALSE,NA,54.34254455566406,12817.0908203125,0.03688737750053406,0.07907955663150278,752.1597900390625,35.7534095722877,5.783612953618479
Dinagat,1608503000,1608500000,1600000000,28.137324167944147,0,0,0,FALSE,FALSE,NA,385.17529296875,12788.0947265625,0.022285709157586098,0.11139540342549678,2682.356201171875,27.95935706315209,0.16813454393005892
Libjo,1608504000,1608500000,1600000000,187.82378468608442,0,0,0,FALSE,FALSE,NA,54.30559158325195,12044.798828125,0.009304987266659737,0.08253762149113492,791.73199462890625,49.027298791760046,0.5964531350778701
Loreto,1608505000,1608500000,1600000000,172.85551954502017,0,0,0,FALSE,FALSE,NA,31.280805587768555,6386.43115234375,0.006238801870495081,0.07813893067569373,635.49298095703125,69.41559594609686,4.306112830532502
San Jose,1608506000,1608500000,1600000000,32.48301717794736,0,0,0,FALSE,FALSE,NA,775.6387939453125,29733.447265625,0.14642716944217682,0.12848119672560135,5781.6826171875,32.19324724899371,1.4089442598353472
Tubajon,1608507000,1608500000,1600000000,89.09216023072322,0,0,0,FALSE,FALSE,NA,55.520938873291016,5842.60693359375,0.008248231373727322,0.07220965080816209,1184.8643798828125,59.382145844826546,0.0219581171211778
Boac,1704001000,1704000000,1700000000,231.24993040326513,0,0,0,FALSE,FALSE,NA,206.06954956054688,57257.1171875,0.05437314882874489,0.06839932214774826,2918.58544921875,10.413393306738552,8.8793728559711
Buenavista,1704002000,1704000000,1700000000,76.71077058121493,0,0,0,FALSE,FALSE,NA,259.0940246582031,23866.482421875,0.030269427224993706,0.1023242968722442,3912.84130859375,19.731108525376932,1.1533367866455166
Gasan,1704003000,1704000000,1700000000,99.38280085672008,0,0,0,FALSE,FALSE,NA,209.87405395507812,25054.501953125,0.053859513252973557,0.09827050945288235,4660.75634765625,7.5150021391692565,3.574496967717639
Mogpog,1704004000,1704000000,1700000000,99.25788629098348,0,0,0,FALSE,FALSE,NA,241.3562469482422,28795.166015625,0.07172168046236038,0.04833740083355945,4203.52294921875,16.737067268798093,1.9997040506912616
Santa Cruz,1704005000,1704000000,1700000000,242.5426996236011,0,0,0,FALSE,FALSE,NA,124.25527954101562,36218.09765625,0.021611623466014862,0.07865508338391007,4051.29638671875,25.08784957033215,1.080489555861395
Torrijos,1704006000,1704000000,1700000000,173.62037201857825,0,0,0,FALSE,FALSE,NA,119.76168060302734,24974.572265625,0.009669048711657524,0.06722859498094191,1994.6614990234375,24.976887435242762,2.1491216900400283
Abra De Ilog,1705101000,1705100000,1700000000,601.8760157695741,0,0,0,FALSE,FALSE,NA,65.117767333984375,47101.328125,0.0058060456067323685,0.06266598163910371,1035.4840087890625,24.558159978482532,2.9495191280681876
Calintaan,1705102000,1705100000,1700000000,298.8384503282765,0,0,0,FALSE,FALSE,NA,88.96842193603516,31856.39453125,0.006385795306414366,0.0414424634345905,1707.5845947265625,29.87498178314075,5.748126036241828
Looc,1705103000,1705100000,1700000000,129.25716349687502,0,0,0,FALSE,FALSE,NA,24.338960647583008,3785.75537109375,0.007204252295196056,0.032518082892468415,1107.739013671875,22.014668420386663,39.17180550912628
Lubang,1705104000,1705100000,1700000000,125.28602852584113,0,0,0,FALSE,FALSE,NA,58.39676284790039,8806.095703125,0.04184332862496376,0.05449847041862412,2686.37744140625,6.064361053489984,52.93960345511107
Magsaysay,1705105000,1705100000,1700000000,260.2898113322362,0,0,0,FALSE,FALSE,NA,105.84928894042969,32975.69140625,0.011187659576535225,0.06477998566613416,2375.65966796875,15.594188769450804,2.666196691921282
Mamburao,1705106000,1705100000,1700000000,320.73183498157056,0,0,0,FALSE,FALSE,NA,131.71572875976562,50738.171875,0.062063246965408325,0.026211552528386552,3040.880615234375,8.980213294499986,4.799429673995155
Paluan,1705107000,1705100000,1700000000,529.3598925733294,0,0,0,FALSE,FALSE,NA,27.405141830444336,17435.041015625,0.0030347949359565973,0.05262302115657763,416.40887451171875,26.94461260935099,20.538016338042514
Rizal,1705108000,1705100000,1700000000,303.76806844122456,0,0,0,FALSE,FALSE,NA,117.07586669921875,42600.8046875,0.0067274910397827625,0.03749843284155352,2100.863525390625,21.685323268085874,8.737849893007585
Sablayan,1705109000,1705100000,1700000000,2103.2674606587566,0,0,0,FALSE,FALSE,NA,33.976802825927734,85708.546875,0.0061224596574902534,0.027134654914287532,859.2698974609375,58.217304907172554,12.274616936431208
San Jose,1705110000,1705100000,1700000000,610.6698440649985,0,0,0,FALSE,FALSE,NA,212.55056762695312,155365.140625,0.07361549884080887,0.05207165643602734,4680.08349609375,13.962188919442543,9.612682281082153
Santa Cruz,1705111000,1705100000,1700000000,688.5928694212275,0,0,0,FALSE,FALSE,NA,55.87436294555664,46187.51171875,0.005214571487158537,0.052187593591145755,1181.8912353515625,27.61914385965365,10.1347310253239
Baco,1705201000,1705200000,1700000000,434.9848476927922,0,0,0,FALSE,FALSE,NA,68.142669677734375,35610.03515625,0.0063857645727694035,0.10698247705922558,1631.3719482421875,42.15585473150816,11.28841732482266
Bansud,1705202000,1705200000,1700000000,345.36019075059977,0,0,0,FALSE,FALSE,NA,129.33692932128906,53559.92578125,0.01945466920733452,0.08984787070697356,3360.238037109375,61.77893402977248,11.037659700082664
Bongabong,1705203000,1705200000,1700000000,396.0713870238028,0,0,0,FALSE,FALSE,NA,162.21511840820312,76911.2890625,0.01927412860095501,0.07252250908258148,3979.1298828125,53.821683398057274,1.0613396070580312
Bulalacao,1705204000,1705200000,1700000000,352.78860237544086,0,0,0,FALSE,FALSE,NA,88.59394836425781,37412.28515625,0.006869260221719742,0.04943362697500975,1507.9873046875,29.135590234098924,3.235830296293797
City of Calapan,1705205000,1705200000,1700000000,185.4036694339134,0,0,0,FALSE,FALSE,NA,606.66192626953125,135153.234375,0.5179311633110046,0.20650618481216498,17370.6328125,65.02047250468296,1.7853143040772665
Gloria,1705206000,1705200000,1700000000,256.08507920450353,0,0,0,FALSE,FALSE,NA,120.56092834472656,37035.48046875,0.03441821411252022,0.07743560549714555,5783.81982421875,68.23624283770742,9.678674888602128
Mansalay,1705207000,1705200000,1700000000,454.37052791462446,0,0,0,FALSE,FALSE,NA,153.90155029296875,83757.3125,0.007547121960669756,0.04461449294741063,1784.35986328125,38.92045011712837,8.023213778142157
Naujan,1705208000,1705200000,1700000000,574.68926093104,0,0,0,FALSE,FALSE,NA,167.99005126953125,115949.421875,0.02641969546675682,0.09541243664913587,4601.53466796875,62.71392108647852,6.840171905765732
Pinamalayan,1705209000,1705200000,1700000000,167.76339768279425,0,0,0,FALSE,FALSE,NA,355.9698486328125,71659.84375,0.1754845529794693,0.08636445162972507,10752.13671875,58.377397181248845,3.463040607536051
Pola,1705210000,1705200000,1700000000,168.39260205068337,0,0,0,FALSE,FALSE,NA,268.6590881347656,54310.0625,0.010016405954957008,0.1123383471147404,3307.379638671875,48.06329724574711,8.913239884049297
Puerto Galera,1705211000,1705200000,1700000000,109.35091113303011,0,0,0,FALSE,FALSE,NA,321.52618408203125,42266.390625,0.10661320388317108,0.05913120256567542,5625.9248046875,45.38916281923248,3.3634844667707218
Roxas,1705212000,1705200000,1700000000,103.83869217482511,0,0,0,FALSE,FALSE,NA,473.6790466308594,58194.8203125,0.13007204234600067,0.09292085853352652,10613.78515625,52.43547096463082,0.9092010620018738
San Teodoro,1705213000,1705200000,1700000000,156.0288117201694,0,0,0,FALSE,FALSE,NA,48.93203353881836,9175.365234375,0.011222128756344318,0.07379935027199075,1706.0673828125,41.496298771063486,8.93646988649496
Socorro,1705214000,1705200000,1700000000,204.82973628071707,0,0,0,FALSE,FALSE,NA,156.61351013183594,38499.578125,0.03322678431868553,0.11217426840717722,5075.18212890625,63.269378606784244,3.950179841781621
Victoria,1705215000,1705200000,1700000000,206.6850957995466,0,0,0,FALSE,FALSE,NA,238.43724060058594,59166.70703125,0.03564127907156944,0.0847237961758102,5660.09814453125,67.50617890402292,3.808518067194504
Aborlan,1705301000,1705300000,1700000000,772.5694122069069,0,0,0,FALSE,FALSE,NA,54.777915954589844,50085.9375,0.010946136899292469,0.07515230157596542,1200.2862548828125,43.13159517830785,12.843650331833906
Agutaya,1705302000,1705300000,1700000000,30.96387367532433,0,0,0,FALSE,FALSE,NA,191.70513916015625,7065.81884765625,0,0,1804.3443603515625,122.91681009453399,117.88130686988353
Araceli,1705303000,1705300000,1700000000,174.1649868850564,0,0,0,FALSE,FALSE,NA,58.519107818603516,12111.447265625,5.673532141372561e-4,0.0642074419659292,957.60137939453125,156.71205556819496,47.93478191864287
Balabac,1705304000,1705300000,1700000000,561.6246122809803,0,0,0,FALSE,FALSE,NA,58.56014633178711,38674.1015625,1.9888594397343695e-4,0.12013972214513687,465.0185241699219,259.7109416111444,73.86253179150843
Bataraza,1705305000,1705300000,1700000000,691.153630973673,1,1,423.9518,TRUE,FALSE,NA,115.27845764160156,93878.25,0.11983253061771393,0.06303041799787774,2020.98876953125,196.39581878500599,8.602917063132429
Brooke'S Point,1705306000,1705300000,1700000000,686.8519126463553,1,1,5,FALSE,TRUE,NA,84.82123565673828,68751.9453125,0.03518413379788399,0.07590571684553706,1738.3785400390625,143.16350516627202,5.756149164801547
Busuanga,1705307000,1705300000,1700000000,404.6247198838125,0,0,0,FALSE,FALSE,NA,36.44992446899414,17634.654296875,0.003953888081014156,0.034390550558312846,746.046875,16.636185052992158,112.11471613960973
Cagayancillo,1705308000,1705300000,1700000000,12.297316946469826,0,0,0,FALSE,FALSE,NA,255.1235809326172,3719.322509765625,0,0,3921.20703125,155.06023095822334,124.8774852731103
Coron,1705309000,1705300000,1700000000,694.4588129370082,0,0,0,FALSE,FALSE,NA,46.23041915893555,38366.09375,0.0193035826086998,0.034212820659162306,1460.021728515625,11.137365545458213,100.52655579214937
Cuyo,1705310000,1705300000,1700000000,42.789340016576716,0,0,0,FALSE,FALSE,NA,414.9518737792969,21132.984375,0.05361964553594589,0.06710948128258293,9574.087890625,110.91956896220368,112.08523896177334
Dumaran,1705311000,1705300000,1700000000,526.4301179284377,0,0,0,FALSE,FALSE,NA,48.39369201660156,30285.349609375,0,0,604.34246826171875,131.6710353144419,27.114304534353728
El Nido,1705312000,1705300000,1700000000,562.3634313892807,0,0,0,FALSE,FALSE,NA,73.3046875,49103.80859375,0.024347271770238876,0.02010926653541874,1608.7808837890625,124.27194737410738,5.318486652407531
Linapacan,1705313000,1705300000,1700000000,159.75580916065113,0,0,0,FALSE,FALSE,NA,66.809600830078125,12717.263671875,0,0,801.88140869140625,82.88311989691398,51.413075473043556
Magsaysay,1705314000,1705300000,1700000000,47.526106109873,0,0,0,FALSE,FALSE,NA,154.88510131835938,8763.53125,0,0,4073.6826171875,96.89530946731203,98.04704341882547
Narra,1705315000,1705300000,1700000000,754.9829421048944,0,0,0,FALSE,FALSE,NA,72.5086898803711,64731.6484375,0.02070486731827259,0.09294071741285169,2767.619873046875,72.26113344136598,6.237669659316985
Quezon,1705317000,1705300000,1700000000,937.4979739066335,0,0,0,FALSE,FALSE,NA,54.192237854003906,60045.484375,0.012503004632890224,0.047487606535843045,959.477294921875,95.9117976428838,2.959142226128031
Roxas,1705318000,1705300000,1700000000,1130.8851530934846,0,0,0,FALSE,FALSE,NA,69.01595306396484,92698.96875,0.006631576456129551,0.05650193723309442,1264.0865478515625,88.19661019860055,2.052491384402398
San Vicente,1705319000,1705300000,1700000000,604.8228236947645,0,0,0,FALSE,FALSE,NA,50.962547302246094,36619.078125,0.006957609672099352,0.03592467839715602,1023.8101806640625,91.93918833243193,17.887868575344203
Taytay,1705320000,1705300000,1700000000,1300.0686055470653,0,0,0,FALSE,FALSE,NA,50.833003997802734,78622.1015625,0.012598639354109764,0.03208308066885813,931.8287353515625,142.09566035762407,0.5077138556244445
Kalayaan,1705321000,1705300000,1700000000,0.4050438305521666,0,0,0,FALSE,FALSE,NA,NA,0,NA,NA,NA,512.5785013128148,428.88267531590185
Culion,1705322000,1705300000,1700000000,432.3276785726443,0,0,0,FALSE,FALSE,NA,34.17774200439453,17647.109375,0.0023401929065585136,0.0410044041472631,495.12298583984375,34.83656079330448,95.54048972492137
Rizal,1705323000,1705300000,1700000000,1275.6995972489221,0,0,0,FALSE,FALSE,NA,53.881690979003906,81070.171875,0.0011664534686133265,0.056232409046297,528.48895263671875,165.97538171915485,6.521030838280357
Sofronio Española,1705324000,1705300000,1700000000,443.1914913829884,0,0,0,FALSE,FALSE,NA,53.629249572753906,28074.931640625,0.0041155205108225346,0.08757580855135301,1359.9501953125,110.98697664607245,4.769588215573143
Alcantara,1705901000,1705900000,1700000000,70.4960247135815,0,0,0,FALSE,FALSE,NA,162.67613220214844,13719.6796875,0.019658319652080536,0.08111146365329051,2622.78662109375,3.6366699573700862,2.1505550965283797
Banton,1705902000,1705900000,1700000000,28.62640652154526,0,0,0,FALSE,FALSE,NA,64.950836181640625,2229.756591796875,0.009354437701404095,0.07137039227083003,1824.9810791015625,53.68026818623666,35.08680532053199
Cajidiocan,1705903000,1705900000,1700000000,127.58378293221486,0,0,0,FALSE,FALSE,NA,105.26472473144531,16066.4853515625,0.0065445066429674625,0.08427195684763658,1542.3004150390625,61.99777922008415,3.9330422715444713
Calatrava,1705904000,1705900000,1700000000,38.03840647355251,0,0,0,FALSE,FALSE,NA,146.1499481201172,6658.5966796875,0.027463939040899277,0.05941328132105968,1997.3406982421875,33.39714005102523,0.6058287958310606
Concepcion,1705905000,1705900000,1700000000,20.397415577273424,0,0,0,FALSE,FALSE,NA,132.6122283935547,3244.31884765625,0,0,2229.46240234375,49.81433627982074,25.320245275984743
Corcuera,1705906000,1705900000,1700000000,20.478682396354507,0,0,0,FALSE,FALSE,NA,201.41725158691406,4944.06298828125,0.004680103622376919,0.08398996684690836,4435.38330078125,54.83982447834957,20.325846414253704
Looc,1705907000,1705900000,1700000000,81.5011234915152,0,0,0,FALSE,FALSE,NA,213.8849639892578,20852.494140625,0.01817993074655533,0.06829632160432698,3906.689208984375,10.355499268202028,1.1063482960893705
Magdiwang,1705908000,1705900000,1700000000,79.0158774463621,0,0,0,FALSE,FALSE,NA,126.79931640625,11989.8056640625,0.011204631067812443,0.08038402477281664,983.3494873046875,50.84024075807671,2.139540122371982
Odiongan,1705909000,1705900000,1700000000,136.62556128250088,0,0,0,FALSE,FALSE,NA,257.8554382324219,42163.26953125,0.04944147169589996,0.06587984022020019,3657.11865234375,12.571817965580099,2.68189615565561
Romblon,1705910000,1705900000,1700000000,88.50315147614369,0,0,0,FALSE,FALSE,NA,275.8401184082031,29228.333984375,0.060512326657772064,0.11900088120709479,3248.58203125,34.15495049807636,16.116844139267076
San Agustin,1705911000,1705900000,1700000000,102.2108043993825,0,0,0,FALSE,FALSE,NA,138.63075256347656,16967.123046875,0.015962837263941765,0.05754863170057803,1943.42333984375,27.033648746350117,2.600237620390825
San Andres,1705912000,1705900000,1700000000,102.60548051603529,0,0,0,FALSE,FALSE,NA,129.3416748046875,15891.13671875,0.01040411926805973,0.08543234458696361,1831.110107421875,25.696264238093136,3.473484670642128
San Fernando,1705913000,1705900000,1700000000,244.72457892839827,0,0,0,FALSE,FALSE,NA,63.19725036621094,18500.884765625,0.00423657801002264,0.0716449036687523,614.4710693359375,52.04235898637911,2.60354044353861
San Jose,1705914000,1705900000,1700000000,28.08350806491182,0,0,0,FALSE,FALSE,NA,258.9373474121094,8692.6484375,0.014118657447397709,0.0902938883949442,2956.20556640625,15.550731597721393,14.699332675222356
Santa Fe,1705915000,1705900000,1700000000,56.54353538537432,0,0,0,FALSE,FALSE,NA,141.55059814453125,9570.677734375,0.004436145070940256,0.09890772967103449,2396.8291015625,18.201217435459316,7.841423853810267
Ferrol,1705916000,1705900000,1700000000,34.69451431819177,0,0,0,FALSE,FALSE,NA,155.7722625732422,6466.5595703125,0,0,2361.224853515625,14.712371076310824,1.1984023530192411
Santa Maria,1705917000,1705900000,1700000000,50.062079025779205,0,0,0,FALSE,FALSE,NA,128.9707489013672,7727.10009765625,0.01033463142812252,0.05752346185655993,2359.69677734375,10.478968417063284,1.9670522824918155
City of Lamitan,1900702000,1900700000,1900000000,248.69578010028104,0,0,0,FALSE,FALSE,NA,117.8464584350586,34502.00390625,0.07067880034446716,0.0922107891148051,4005.485107421875,31.36474542609579,1.825835077580906
Lantawan,1900703000,1900700000,1900000000,149.70142394978566,0,0,0,FALSE,FALSE,NA,36.602142333984375,6451.07421875,0,0,885.87591552734375,39.55639111439652,4.01578587944186
Maluso,1900704000,1900700000,1900000000,87.3038343475251,0,0,0,FALSE,FALSE,NA,76.460968017578125,7857.19140625,0.01177623588591814,0.06804504000315643,3180.4521484375,48.29699452848569,0.5903154259971987
Sumisip,1900705000,1900700000,1900000000,265.1899148739355,0,0,0,FALSE,FALSE,NA,34.37993621826172,10730.35546875,0.005102627445012331,0.12844471237328747,1221.7213134765625,48.320231360867545,3.5264762356380297
Tipo-Tipo,1900706000,1900700000,1900000000,44.902971319547994,0,0,0,FALSE,FALSE,NA,103.06541442871094,5426.5673828125,0,0,2355.908935546875,45.36228969480409,1.5565161473402362
Tuburan,1900707000,1900700000,1900000000,44.152361610934925,0,0,0,FALSE,FALSE,NA,92.19498443603516,4791.3037109375,0.0042197383008897305,0.1195600335903692,4045.935302734375,38.938536365638285,3.3944247888947863
Akbar,1900708000,1900700000,1900000000,30.825226745036453,0,0,0,FALSE,FALSE,NA,132.9805908203125,4825.3232421875,0.054328665137290955,0.13872718582425184,5450.955078125,34.29474357880847,4.1821056469297835
Al-Barka,1900709000,1900700000,1900000000,49.38806210954577,0,0,0,FALSE,FALSE,NA,95.36577606201172,5466.494140625,0,0,1460.804443359375,49.916546517160235,5.721770660645169
Hadji Mohammad Ajul,1900710000,1900700000,1900000000,63.29143339597787,0,0,0,FALSE,FALSE,NA,65.20256805419922,4854.3427734375,0,0,2257.656005859375,39.75719354297295,11.828795272321937
Ungkaya Pukan,1900711000,1900700000,1900000000,69.89086054837561,0,0,0,FALSE,FALSE,NA,58.88130187988281,4749.31787109375,0,0,1185.6195068359375,46.13523649554966,1.1495806156411565
Hadji Muhtamad,1900712000,1900700000,1900000000,53.56830432466579,0,0,0,FALSE,FALSE,NA,32.84577178955078,2071.525390625,0,0,1987.8934326171875,58.75819955877081,34.35617631982808
Tabuan-Lasa,1900713000,1900700000,1900000000,27.504740681613004,0,0,0,FALSE,FALSE,NA,95.84368133544922,3027.71533203125,0,0,4060.196044921875,67.11543701035022,11.985086413637086
Bacolod-Kalawi,1903601000,1903600000,1900000000,21.64939599221322,0,0,0,FALSE,FALSE,NA,445.32794189453125,11348.958984375,0.0701240822672844,0.20116019764396234,2436.426513671875,44.81026357716743,3.3003653390963286
Balabagan,1903602000,1903600000,1900000000,86.35220726654252,0,0,0,FALSE,FALSE,NA,110.95378875732422,11268.8271484375,0,0,2800.070068359375,41.93085440511979,0.3097563524165887
Balindong,1903603000,1903600000,1900000000,39.505720496340224,0,0,0,FALSE,FALSE,NA,261.3904113769531,12157.7568359375,0.24733980000019073,0.11043379068538378,7420.51123046875,47.03279427973222,1.7663751820061735
Bayang,1903604000,1903600000,1900000000,21.508563023941605,0,0,0,FALSE,FALSE,NA,491.5674133300781,12443.470703125,0.00497834850102663,0.24864958426475733,6060.076171875,58.77286074703481,0.7801207367792963
Binidayan,1903605000,1903600000,1900000000,15.190540941980329,0,0,0,FALSE,FALSE,NA,393.6401062011719,7014.90087890625,0,0,6162.75390625,54.71689080872722,0.6793717257320535
Bubong,1903606000,1903600000,1900000000,146.98126895800758,0,0,0,FALSE,FALSE,NA,68.81734466552734,11904.5107421875,0.05455828085541725,0.10785459119643889,1393.0655517578125,67.5371292284311,10.155530471806532
Butig,1903607000,1903600000,1900000000,471.8467420224916,0,0,0,FALSE,FALSE,NA,25.11533546447754,13939.0185546875,0,0,477.39691162109375,58.9660887769232,13.125127704271017
Ganassi,1903609000,1903600000,1900000000,21.474172871725376,0,0,0,FALSE,FALSE,NA,201.15489196777344,5085.07470703125,0.030396508052945137,0.13282607612486028,7374.9765625,50.16338426340744,0.840662705132682
Kapai,1903610000,1903600000,1900000000,82.15500867058732,0,0,0,FALSE,FALSE,NA,132.1554718017578,12782.35546875,0,0,900.57171630859375,59.63269818249198,7.848505377555728
Lumba-Bayabao,1903611000,1903600000,1900000000,257.4068476169485,0,0,0,FALSE,FALSE,NA,51.47475814819336,15585.34765625,0.00852236244827509,0.17014544108176605,591.94482421875,74.52616449278075,11.530914568886043
Lumbatan,1903612000,1903600000,1900000000,27.657506229683428,0,0,0,FALSE,FALSE,NA,252.09999084472656,8204.7841796875,0,0,3865.088134765625,64.38666117171478,3.18597447625474
Madalum,1903613000,1903600000,1900000000,80.94152823463324,0,0,0,FALSE,FALSE,NA,425.04864501953125,40513.48046875,0.01538525428622961,0.17339436489534274,1399.73046875,38.19760738846435,8.338594786226436
Madamba,1903614000,1903600000,1900000000,100.06767507905369,0,0,0,FALSE,FALSE,NA,106.64735412597656,12566.46484375,0.0025739523116499186,0.10837503763957818,1410.11181640625,40.065128250715915,7.2597197740620185
Malabang,1903615000,1903600000,1900000000,86.67322182496116,0,0,0,FALSE,FALSE,NA,286.4779052734375,29219.154296875,0.017370257526636124,0.12861175721510246,5792.56591796875,53.370743555446424,0.5287106196601676
Marantao,1903616000,1903600000,1900000000,34.683041184186145,0,0,0,FALSE,FALSE,NA,554.71624755859375,22645.521484375,0.4345632791519165,0.19290390489862771,11260.703125,48.972252243529695,1.229078300857871
City of Marawi,1903617000,1903600000,1900000000,55.7687785053578,0,0,0,FALSE,FALSE,NA,2967.33740234375,194775.28125,0.9798818230628967,0.596163546615838,36963.66015625,53.11322683152776,1.508474655998502
Masiu,1903618000,1903600000,1900000000,59.91114185599627,0,0,0,FALSE,FALSE,NA,179.79820251464844,12673.849609375,0.036335088312625885,0.20229491539341074,4011.570556640625,71.69944297740963,2.7143302214881033
Mulondo,1903619000,1903600000,1900000000,12.657274423474206,0,0,0,FALSE,FALSE,NA,376.9833679199219,5615.673828125,0.25704681873321533,0.20736256485436683,9944.0380859375,64.58850312070228,0.15608446843374035
Pagayawan,1903620000,1903600000,1900000000,48.83838666662716,0,0,0,FALSE,FALSE,NA,139.72119140625,8031.5947265625,0,0,2798.927001953125,56.4246055437465,3.9635983124622656
Piagapo,1903621000,1903600000,1900000000,120.06403210856122,0,0,0,FALSE,FALSE,NA,226.9022674560547,32080.3671875,0.001741337706334889,0.1849341618571842,1589.675537109375,41.36239506056747,8.55501843397405
Poona Bayabao,1903622000,1903600000,1900000000,18.905130402479816,0,0,0,FALSE,FALSE,NA,323.34197998046875,7192.92333984375,0.17359605431556702,0.2442896116747379,7626.92041015625,68.35553557519084,1.1369871391880175
Pualas,1903623000,1903600000,1900000000,66.70685024512049,0,0,0,FALSE,FALSE,NA,102.16921997070312,7717.26806640625,0,0,2377.49267578125,47.67259884703435,3.204180868898494
Ditsaan-Ramain,1903624000,1903600000,1900000000,18.529302927897632,0,0,0,FALSE,FALSE,NA,443.9814147949219,9684.0693359375,0.4056846797466278,0.32989109178850995,11427.0185546875,59.97044498184067,0.05932864205422992
Saguiaran,1903625000,1903600000,1900000000,33.616104404480595,0,0,0,FALSE,FALSE,NA,948.5677490234375,37548.16796875,0.3174663484096527,0.23732290587612698,5577.51220703125,47.15298180743036,2.1315619422817327
Tamparan,1903626000,1903600000,1900000000,8.46611058524621,0,0,0,FALSE,FALSE,NA,822.91571044921875,8199.01171875,0.6651480197906494,0.6177605942983423,19372.921875,63.93794020303151,0.05436385749967275
Taraka,1903627000,1903600000,1900000000,9.559811781263981,0,0,0,FALSE,FALSE,NA,604.19970703125,6797.8662109375,0.47551771998405457,0.48100357040264785,13167.7177734375,63.16378732378545,0.8979085291771925
Tubaran,1903628000,1903600000,1900000000,45.1307430602814,0,0,0,FALSE,FALSE,NA,94.88164520263672,5039.32763671875,0,0,3357.967529296875,61.33932537209009,6.203481837474888
Tugaya,1903629000,1903600000,1900000000,31.236712317560468,0,0,0,FALSE,FALSE,NA,399.5897521972656,14696.1298828125,0.14715798199176788,0.09774003138034044,3675.964599609375,45.18537696724099,2.851098854797327
Wao,1903630000,1903600000,1900000000,315.8696829935567,0,0,0,FALSE,FALSE,NA,134.9431610107422,50096.5546875,0.015062357299029827,0.0976063020140223,2452.741455078125,76.58375285157908,2.040805696053698
Marogong,1903631000,1903600000,1900000000,232.73499397240144,0,0,0,FALSE,FALSE,NA,54.24757766723633,14854.138671875,0,0,844.02178955078125,51.715132833222604,9.287216959807427
Calanogas,1903632000,1903600000,1900000000,67.59150046611198,0,0,0,FALSE,FALSE,NA,76.2657699584961,6067.36865234375,0,0,1122.1055908203125,57.26902622863027,0.12497941982756537
Buadiposo-Buntong,1903633000,1903600000,1900000000,28.57109943881569,0,0,0,FALSE,FALSE,NA,179.72921752929688,6043.6220703125,0.11250375956296921,0.1553712964657886,4637.4423828125,65.87351738950086,1.7160536680539147
Maguing,1903634000,1903600000,1900000000,287.73821813704006,0,0,0,FALSE,FALSE,NA,35.964080810546875,12175.5859375,0.01992197521030903,0.10226254196569437,954.56524658203125,77.71041880802342,1.164833815462778
Picong,1903635000,1903600000,1900000000,153.50163577415188,0,0,0,FALSE,FALSE,NA,62.01727294921875,11206.4384765625,0,0,1180.07763671875,54.97345998061667,2.9845593337177285
Lumbayanague,1903636000,1903600000,1900000000,17.30838794158099,0,0,0,FALSE,FALSE,NA,254.92709350585938,5192.0478515625,0,0,5737.4228515625,66.1005720365276,1.0469583264426934
Amai Manabilang,1903637000,1903600000,1900000000,329.58507074787343,0,0,0,FALSE,FALSE,NA,16.740753173828125,6487.9599609375,0,0,497.2132568359375,78.66350079248473,7.305864852427222
Tagoloan Ii,1903638000,1903600000,1900000000,172.82391240545695,0,0,0,FALSE,FALSE,NA,31.35893440246582,6379.72998046875,0,0,123.43036651611328,57.61112106340402,12.495596797264907
Kapatagan,1903639000,1903600000,1900000000,87.89151285015826,0,0,0,FALSE,FALSE,NA,42.66023254394531,4409.92724609375,0,0,1374.8375244140625,35.92340023855614,5.47325829448132
Sultan Dumalondong,1903640000,1903600000,1900000000,25.514512553024783,0,0,0,FALSE,FALSE,NA,132.4780731201172,3977.129638671875,0,0,2501.506591796875,61.45516853844961,6.628471099787765
Lumbaca-Unayan,1903641000,1903600000,1900000000,21.122999280627205,0,0,0,FALSE,FALSE,NA,125.22567749023438,3112.657958984375,0,0,3918.6748046875,62.49278464924907,5.2967499925727495
Indanan,1906601000,1906600000,1900000000,103.11764254657892,0,0,0,FALSE,FALSE,NA,237.02313232421875,28748.2734375,0.05457879602909088,0.15006012352324793,6747.41748046875,8.716674143956675,4.067587536371193
Jolo,1906602000,1906600000,1900000000,3.004388621174815,0,0,0,FALSE,FALSE,NA,7771.35791015625,27465.5,2.7216262817382812,2.9172884561846413,228429.765625,0.7549890038630654,0.2660805341834591
Kalingalan Caluang,1906603000,1906600000,1900000000,65.74509861367312,0,0,0,FALSE,FALSE,NA,169.6141357421875,13106.078125,0,0,5201.921875,33.772866700054706,6.576236932885918
Luuk,1906604000,1906600000,1900000000,84.85194818631504,0,0,0,FALSE,FALSE,NA,165.44662475585938,16511.001953125,0,0,3984.454833984375,35.52247410198431,0.10334183923518138
Maimbung,1906605000,1906600000,1900000000,45.026304814738644,0,0,0,FALSE,FALSE,NA,168.36170959472656,8915.8544921875,0.03025651164352894,0.09937802361874336,6441.3173828125,11.6141094724078,3.841109767006514
Hadji Panglima Tahil,1906606000,1906600000,1900000000,30.290880355583596,0,0,0,FALSE,FALSE,NA,35.15696716308594,1237.03564453125,0,0,221.43153381347656,21.95146583567133,21.338135743755924
Old Panamao,1906607000,1906600000,1900000000,64.24227440410988,0,0,0,FALSE,FALSE,NA,175.41671752929688,13254.52734375,0,0,4839.3408203125,25.56327931564532,0.8011721711856006
Pangutaran,1906608000,1906600000,1900000000,189.8574955007528,0,0,0,FALSE,FALSE,NA,78.16715240478516,17459.205078125,0.0037200013175606728,0.11444099738964346,1123.938232421875,62.3515296849923,61.10881814237893
Parang,1906609000,1906600000,1900000000,68.81227245620724,0,0,0,FALSE,FALSE,NA,424.4012145996094,34326.2421875,0,0,4200.26220703125,16.39462468882946,11.058397280891555
Pata,1906610000,1906600000,1900000000,57.971573885825514,0,0,0,FALSE,FALSE,NA,51.24116897583008,3485.408935546875,0,0,1829.8272705078125,31.347466384288964,17.201720774073745
Patikul,1906611000,1906600000,1900000000,140.07582236876965,0,0,0,FALSE,FALSE,NA,238.3714141845703,39262.6015625,0.08201033622026443,0.140918261516497,6783.1826171875,8.387545365944082,3.9217472380669722
Siasi,1906612000,1906600000,1900000000,83.0888939575396,0,0,0,FALSE,FALSE,NA,457.804443359375,44563.140625,0.029229262843728065,0.11823031573409407,2696.087890625,59.44358670357422,52.17466051305425
Talipao,1906613000,1906600000,1900000000,170.13578978671146,0,0,0,FALSE,FALSE,NA,212.62254333496094,42529.57421875,0,0,2207.210205078125,13.739456383905711,1.380294869650331
Tapul,1906614000,1906600000,1900000000,56.27716740102933,0,0,0,FALSE,FALSE,NA,143.82305908203125,9508.4423828125,0,0,597.556640625,38.352999841145966,30.73771134620622
Tongkil,1906615000,1906600000,1900000000,128.06969001623298,0,0,0,FALSE,FALSE,NA,30.420692443847656,4581.255859375,0,0,1270.070556640625,81.66338262007804,40.13779140750632
Panglima Estino,1906616000,1906600000,1900000000,33.451271057535266,0,0,0,FALSE,FALSE,NA,274.123779296875,10785.0439453125,0,0,3026.227294921875,21.10508809799529,2.91085352391101
Lugus,1906617000,1906600000,1900000000,36.77636093313771,0,0,0,FALSE,FALSE,NA,269.2377014160156,11634.841796875,0,0,934.58880615234375,44.92741152646299,38.31681573197701
Pandami,1906618000,1906600000,1900000000,68.84573887291832,0,0,0,FALSE,FALSE,NA,158.57803344726562,11693.556640625,0.004673146642744541,0.115944476117501,1260.11572265625,64.47753789876721,58.34330568943581
Omar,1906619000,1906600000,1900000000,86.04828146493556,0,0,0,FALSE,FALSE,NA,57.06092834472656,5774.9072265625,0,0,2206.489013671875,42.93104023478974,1.475378791526841
Panglima Sugala,1907001000,1907000000,1900000000,234.02661310390832,0,0,0,FALSE,FALSE,NA,36.591209411621094,10038.2138671875,0.004670783877372742,0.0924185154081496,530.7664794921875,30.494083620259953,145.62223314849112
Bongao,1907002000,1907000000,1900000000,122.14526240128667,0,0,0,FALSE,FALSE,NA,204.70370483398438,29343.93359375,0.11955087631940842,0.11144980851949193,7363.54541015625,9.407492198140218,165.06281237319365
Mapun,1907003000,1907000000,1900000000,71.32613500008361,0,0,0,FALSE,FALSE,NA,97.07897186279297,8144.43359375,0.014657595194876194,0.11326040921556157,3013.41357421875,258.2894026457502,205.12715899392853
Simunul,1907004000,1907000000,1900000000,56.39904070795248,0,0,0,FALSE,FALSE,NA,238.2324981689453,15767.7333984375,0.03438557684421539,0.10665739299762303,3184.174560546875,22.129302459667436,180.7077244799247
Sitangkai,1907005000,1907000000,1900000000,27.875739832458407,0,0,0,FALSE,FALSE,NA,181.96636962890625,5858.01416015625,0.021472008898854256,0.10005682335633465,4107.1708984375,50.275322544477575,224.5428328289494
South Ubian,1907006000,1907000000,1900000000,31.67471649751806,0,0,0,FALSE,FALSE,NA,229.5179901123047,8197.71484375,0.0027737480122596025,0.13966672709182845,3952.1044921875,94.23187631905486,92.711214245891
Tandubas,1907007000,1907000000,1900000000,220.70448233400003,0,0,0,FALSE,FALSE,NA,39.252777099609375,9775.5478515625,0.0028233483899384737,0.11554691645825906,694.7542724609375,58.383247039704564,120.17310942788303
Turtle Islands,1907008000,1907000000,1900000000,3.467985502274663,0,0,0,FALSE,FALSE,NA,20.41096305847168,0.12038008123636246,0,0,8705.951171875,208.97304823315386,285.81462532756035
Languyan,1907009000,1907000000,1900000000,230.92343275862078,0,0,0,FALSE,FALSE,NA,63.88542175292969,16972.08984375,0.2457142174243927,0.10295486881577741,854.9429931640625,45.147536820468545,129.5174052664569
Sapa-Sapa,1907010000,1907000000,1900000000,51.22839312111089,0,0,0,FALSE,FALSE,NA,113.5881118774414,6751.29150390625,0,0,2315.91357421875,53.515104530020814,132.0922751408116
Sibutu,1907011000,1907000000,1900000000,105.18895594182554,0,0,0,FALSE,FALSE,NA,77.50218200683594,9561.185546875,0.018044207245111465,0.08426106186625319,1797.361572265625,41.870158971968955,215.93119866371367
Barira,1908701000,1908700000,1900000000,161.13211972746987,0,0,0,FALSE,FALSE,NA,38.57479476928711,7308.41796875,0,0,3328.26513671875,37.10202500482756,7.086724522370663
Buldon,1908702000,1908700000,1900000000,381.5228674654593,0,0,0,FALSE,FALSE,NA,59.55408477783203,26712.146484375,0,0,1164.3306884765625,44.589429979763636,15.40386085991922
City of Cotabato,1908703000,1908700000,1900000000,86.37461232373097,0,0,0,FALSE,FALSE,NA,3005.34375,305096.375,1.443314552307129,0.1478851884821869,39735.36328125,5.410362438034654,1.1564269495115684
Datu Blah T. Sinsuat,1908704000,1908700000,1900000000,275.7214126510995,0,0,0,FALSE,FALSE,NA,12.652544975280762,4099.310546875,0,0,356.0547180175781,35.22627018436174,13.544823660160471
Datu Odin Sinsuat,1908705000,1908700000,1900000000,389.2015652035088,0,0,0,FALSE,FALSE,NA,81.91566467285156,37461.7890625,0.044076282531023026,0.12599184194123247,4880.8505859375,8.2702418882063,0.5335001622728704
Kabuntalan,1908706000,1908700000,1900000000,87.90070743039861,0,0,0,FALSE,FALSE,NA,81.53015899658203,8419.1025390625,0,0,2214.586669921875,18.17104310886123,5.022123919276083
Matanog,1908707000,1908700000,1900000000,112.46360986258546,0,0,0,FALSE,FALSE,NA,62.04240036010742,8205.541015625,0,0,1824.0169677734375,34.88102263361994,1.137459402482816
Northern Kabuntalan,1908708000,1908700000,1900000000,113.61324966218905,0,0,0,FALSE,FALSE,NA,42.71025085449219,5700.47900390625,0,0,1119.9361572265625,23.791782404796603,7.7247983015354755
Parang,1908709000,1908700000,1900000000,144.62384299712247,0,0,0,FALSE,FALSE,NA,136.57545471191406,23221.88671875,0.11561278253793716,0.07664000417313084,5765.40283203125,22.35065952441646,1.9925886744581798
Sultan Kudarat,1908710000,1908700000,1900000000,184.58760017384958,0,0,0,FALSE,FALSE,NA,140.8395538330078,30553.041015625,0.14192241430282593,0.09390019157822596,8939.6337890625,15.415319921105294,1.8015247646880042
Sultan Mastura,1908711000,1908700000,1900000000,56.04642195800581,0,0,0,FALSE,FALSE,NA,245.3531036376953,16163.92578125,0.0025753858499228954,0.13133584482374988,6053.51318359375,16.44033068560864,1.0648241206238969
Talitay,1908712000,1908700000,1900000000,34.05660032135973,0,0,0,FALSE,FALSE,NA,122.88731384277344,4915.71337890625,0,0,5758.99462890625,22.66001168747239,5.418596946368547
Upi,1908713000,1908700000,1900000000,531.869275075261,0,0,0,FALSE,FALSE,NA,104.77266693115234,65475.08984375,0.012596660293638706,0.12893164441267296,1909.117431640625,24.963837421492837,4.357744358001469
Ampatuan,1908801000,1908800000,1900000000,222.8769071335106,0,0,0,FALSE,FALSE,NA,31.539670944213867,8251.3720703125,0.011179672554135323,0.10893530663544383,2937.354736328125,48.215233051424384,5.250327593663348
Buluan,1908802000,1908800000,1900000000,58.07279534431586,0,0,0,FALSE,FALSE,NA,982.931396484375,58188.03515625,0.4519917964935303,0.15163929230582718,15451.009765625,27.116509488708026,3.0994810294763124
Datu Abdullah Sangki,1908803000,1908800000,1900000000,106.30349186624461,0,0,0,FALSE,FALSE,NA,61.19147491455078,7634.330078125,0.0027100052684545517,0.1378483181696015,4889.44384765625,44.67966726484887,7.280529363012397
Datu Anggal Midtimbang,1908804000,1908800000,1900000000,33.50232487752761,0,0,0,FALSE,FALSE,NA,109.8736343383789,4323.359375,0.007686254568397999,0.1393271623537301,6577.61083984375,23.465508972768443,2.234763819851798
Datu Hoffer Ampatuan,1908805000,1908800000,1900000000,49.31435111226441,0,0,0,FALSE,FALSE,NA,65.08760833740234,3768.411376953125,0.04677533358335495,0.1554254717065205,3050.93017578125,40.3318124896955,4.532180768383793
Datu Paglas,1908806000,1908800000,1900000000,144.41241188570834,0,0,0,FALSE,FALSE,NA,68.1341323852539,11536.3974609375,0.01921525038778782,0.11995157745208304,5860.27001953125,18.909838234747717,3.673529159424975
Datu Piang,1908807000,1908800000,1900000000,56.00294496545122,0,0,0,FALSE,FALSE,NA,247.78941345214844,16048.11328125,0.030424319207668304,0.14598136887035326,5823.25927734375,32.528386301793304,2.797873155103195
Datu Salibo,1908808000,1908800000,1900000000,29.467707717658037,0,0,0,FALSE,FALSE,NA,134.6563262939453,4659.25341796875,0,0,3124.792236328125,34.942245512669935,0.6878976425769672
Datu Saudi Ampatuan,1908809000,1908800000,1900000000,40.695254040981936,0,0,0,FALSE,FALSE,NA,130.8201904296875,6251.15869140625,0.0710536539554596,0.16517039811999373,11273.435546875,34.21180148344765,1.0832873029838503
Datu Unsay,1908810000,1908800000,1900000000,59.085606782619074,0,0,0,FALSE,FALSE,NA,53.14567565917969,3686.993896484375,0.0023514418862760067,0.19792716659101212,2745.1552734375,36.603306767221504,3.7763160368530784
Gen. S.K. Pendatun,1908811000,1908800000,1900000000,140.84783003683128,0,0,0,FALSE,FALSE,NA,97.80652618408203,15974.138671875,0.00642831576988101,0.11407638142828036,2673.069091796875,21.515306195902042,13.002801519840547
Guindulungan,1908812000,1908800000,1900000000,113.65010181920178,0,0,0,FALSE,FALSE,NA,58.89332962036133,7859.96240234375,0.008106774650514126,0.15180941511391458,2340.2958984375,31.20097754668761,4.6050129494935454
Mamasapano,1908813000,1908800000,1900000000,36.41965024685737,0,0,0,FALSE,FALSE,NA,167.15379333496094,7146.47119140625,0.021312737837433815,0.16241478099729043,11869.7890625,43.283513381358915,0.2544608052026723
Mangudadatu,1908814000,1908800000,1900000000,92.47089219393578,0,0,0,FALSE,FALSE,NA,122.41804504394531,10566.5859375,3.3867094316519797e-4,0.16968343167687563,2035.4742431640625,29.964561066128937,8.501943365529849
Pagagawan,1908815000,1908800000,1900000000,160.28331858823256,0,0,0,FALSE,FALSE,NA,182.62924194335938,34354.83203125,0,0,2514.593994140625,24.00021876738239,2.6554827149740907
Pagalungan,1908816000,1908800000,1900000000,199.05663109788014,0,0,0,FALSE,FALSE,NA,126.99225616455078,29652.3515625,0.0054725720547139645,0.12715959675661415,1643.509765625,21.453272975502696,10.636593266820672
Paglat,1908817000,1908800000,1900000000,33.947321629871155,0,0,0,FALSE,FALSE,NA,317.55010986328125,12644.0341796875,0,0,7019.73291015625,21.519605437324532,7.253667082022244
Pandag,1908818000,1908800000,1900000000,44.817349370419635,0,0,0,FALSE,FALSE,NA,799.67144775390625,42031.40625,0.032042812556028366,0.15179358066879794,6192.349609375,22.42265177202487,3.0139127732119424
Rajah Buayan,1908819000,1908800000,1900000000,68.16036274694602,0,0,0,FALSE,FALSE,NA,95.2429428100586,7620.0087890625,0,0,6401.11669921875,39.65548081382316,1.6805875572158384
Shariff Aguak,1908820000,1908800000,1900000000,36.74717964851616,0,0,0,FALSE,FALSE,NA,320.5973815917969,13830.7216796875,0.30896466970443726,0.23259989262901687,17667.3984375,41.269867417993176,3.2487373467297354
Shariff Saydona Mustapha,1908821000,1908800000,1900000000,56.08177697343345,0,0,0,FALSE,FALSE,NA,126.87297821044922,8353.5205078125,0.0026907650753855705,0.19305165473066443,5886.6572265625,40.31138025920803,1.1791413633655885
South Upi,1908822000,1908800000,1900000000,442.41650489516724,0,0,0,FALSE,FALSE,NA,87.455047607421875,45438.51171875,0,0,1397.632568359375,37.99034593511107,8.514835565022667
Sultan Sa Barongis,1908823000,1908800000,1900000000,107.64769028855804,0,0,0,FALSE,FALSE,NA,138.32510375976562,17060.611328125,0.007323197089135647,0.1317858569721675,3676.43212890625,32.374629604075096,4.786045093730576
Talayan,1908824000,1908800000,1900000000,136.86081457539584,0,0,0,FALSE,FALSE,NA,52.3065071105957,8407.8349609375,0.016454627737402916,0.12179713945418812,3316.644287109375,26.43862140449605,6.455604082383592
Basco,200901000,200900000,200000000,33.49937995005661,0,0,0,FALSE,FALSE,NA,183.2415771484375,7645.21142578125,0.12581446766853333,0.11778285766076546,4414.173828125,1.5746463560211021,216.48297967375896
Itbayat,200902000,200900000,200000000,89.32904620643666,0,0,0,FALSE,FALSE,NA,21.111658096313477,2319.59375,0.009215270169079304,0.10243018411967246,432.739501953125,6.054424661498368,248.95631131559892
Ivana,200903000,200900000,200000000,14.706055193104087,0,0,0,FALSE,FALSE,NA,55.89166259765625,1023.9639282226562,0.02406943589448929,0.09834205200649772,458.940185546875,9.490357185186998,208.338400802771
Mahatao,200904000,200900000,200000000,11.56337092587457,0,0,0,FALSE,FALSE,NA,82.27600860595703,1185.408447265625,0.03530384227633476,0.11235765308550452,1065.854736328125,5.594971271150911,210.922423606244
Sabtang,200905000,200900000,200000000,40.98999296972799,0,0,0,FALSE,FALSE,NA,31.247276306152344,1594.9979248046875,0,0,451.52520751953125,20.508792150962865,201.43241163124966
Uyugan,200906000,200900000,200000000,11.312482813289986,0,0,0,FALSE,FALSE,NA,60.493309020996094,852.44708251953125,0.028139807283878326,0.07731060743116439,1246.213623046875,9.629096153506424,206.9279555065236
Abulug,201501000,201500000,200000000,132.6632930320356,0,0,0,FALSE,FALSE,NA,232.35906982421875,37854.43359375,0.04930700734257698,0.0960282052754792,11066.9375,40.42427876316428,4.046246175253007
Alcala,201502000,201500000,200000000,180.5278797997832,0,0,0,FALSE,FALSE,NA,207.09800720214844,45906.71875,0.029791155830025673,0.1204132536263795,9802.388671875,30.482335334963437,1.0166694524682114
Allacapan,201503000,201500000,200000000,230.64605910337124,0,0,0,FALSE,FALSE,NA,129.8077392578125,36822.0234375,0.04509693756699562,0.09526358840357216,5515.41064453125,21.406578905589416,1.6006667907826102
Amulung,201504000,201500000,200000000,287.6013937269371,0,0,0,FALSE,FALSE,NA,144.64512634277344,51050.5859375,0.009498683735728264,0.09771243819969266,6915.87353515625,19.11417987557033,3.275431306004081
Aparri,201505000,201500000,200000000,261.2733698687786,0,0,0,FALSE,FALSE,NA,165.85284423828125,53225.48828125,0.07477707415819168,0.09401155550323828,6187.6728515625,45.42425955098402,19.91323262430763
Baggao,201506000,201500000,200000000,927.5994883097663,0,0,0,FALSE,FALSE,NA,83.44920349121094,95038.8046875,0.002538684755563736,0.10303423851111357,3973.33203125,37.368488422812035,27.446206934329158
Ballesteros,201507000,201500000,200000000,129.42725033476913,0,0,0,FALSE,FALSE,NA,211.49493408203125,33694.76171875,0.08564743399620056,0.11239693123664042,10329.1220703125,31.5532267299501,0.791484765149745
Buguey,201508000,201500000,200000000,128.83865626611902,0,0,0,FALSE,FALSE,NA,172.0701141357422,27269.427734375,0.059050414711236954,0.1070356819770749,7666.91552734375,9.289980279705505,0.9306791719712139
Calayan,201509000,201500000,200000000,502.7294432861441,0,0,0,FALSE,FALSE,NA,19.159536361694336,11913.2900390625,0,0,544.62652587890625,111.64928358637138,81.02691492983162
Camalaniugan,201510000,201500000,200000000,89.20731239179318,0,0,0,FALSE,FALSE,NA,241.27597045898438,26480.537109375,0.15012608468532562,0.1424570624911833,9615.91796875,11.370860340566173,0.6428669824745907
Claveria,201511000,201500000,200000000,128.92943077685007,0,0,0,FALSE,FALSE,NA,170.02203369140625,27019.37109375,0.06671464443206787,0.07919017438780666,7026.791015625,74.03218466920872,2.8848655422992033
Enrile,201512000,201500000,200000000,152.4725502366719,0,0,0,FALSE,FALSE,NA,219.9899444580078,41103.546875,0.09798657894134521,0.1373187548698137,9969.6435546875,11.267792561179276,1.3215947892008415
Gattaran,201513000,201500000,200000000,639.0672938106295,0,0,0,FALSE,FALSE,NA,94.939697265625,74545.875,0.010914270766079426,0.10728115356950972,3645.536865234375,20.198378000308647,17.766840865971822
Gonzaga,201514000,201500000,200000000,527.5994369112823,0,0,0,FALSE,FALSE,NA,53.88960647583008,34968.2890625,0.01722279004752636,0.09085986686661186,2928.8896484375,40.64727471751081,10.397860756915325
Iguig,201515000,201500000,200000000,78.19125615417195,0,0,0,FALSE,FALSE,NA,248.52752685546875,23838.169921875,0.14528436958789825,0.1532995437103523,14490.8916015625,11.732147330371362,1.8266688792283385
Lal-Lo,201516000,201500000,200000000,641.6150299339902,0,0,0,FALSE,FALSE,NA,58.92377853393555,46480.41796875,0.026991358026862144,0.0959294554199137,2775.3046875,11.970719683018304,6.279977867700009
Lasam,201517000,201500000,200000000,206.96327322635878,0,0,0,FALSE,FALSE,NA,156.14111328125,39712.82421875,0.030880510807037354,0.09071960454687417,8415.529296875,25.73796359212769,9.229283972548505
Pamplona,201518000,201500000,200000000,213.06948499398084,0,0,0,FALSE,FALSE,NA,105.11018371582031,27583.619140625,0.019567865878343582,0.0888654436789015,3837.019287109375,52.92608545601006,1.6272475947907208
Peñablanca,201519000,201500000,200000000,1139.051996041859,0,0,0,FALSE,FALSE,NA,38.08564376831055,53192.9375,0.01261216215789318,0.12349543890023615,2116.375,25.10350354312833,21.055717405838358
Piat,201520000,201500000,200000000,132.02834046930928,0,0,0,FALSE,FALSE,NA,161.54200744628906,26169.43359375,0.09865926206111908,0.11243759001010468,8951.283203125,27.11667418668033,10.638576677135962
Rizal,201521000,201500000,200000000,340.0330791991837,0,0,0,FALSE,FALSE,NA,69.39463806152344,28975.6640625,0.005541145335882902,0.0928314528238655,2197.359130859375,46.88155282574183,12.315252300173418
Sanchez-Mira,201522000,201500000,200000000,138.29846634944337,0,0,0,FALSE,FALSE,NA,124.76313781738281,21263.302734375,0.10909003764390945,0.12163684989348379,6793.93701171875,68.4675526010682,3.0148724568029315
Santa Ana,201523000,201500000,200000000,434.91257660185454,0,0,0,FALSE,FALSE,NA,82.26768493652344,44030.5078125,0.04387732595205307,0.0979930603724927,2225.614990234375,55.41019709933342,8.740536186166318
Santa Praxedes,201524000,201500000,200000000,86.25910744777926,0,0,0,FALSE,FALSE,NA,47.69365692138672,5069.70947265625,0.00949949212372303,0.06832403771714808,1281.77783203125,63.43542023914267,1.4557909869621415
Santa Teresita,201525000,201500000,200000000,127.58926951255914,0,0,0,FALSE,FALSE,NA,141.2146759033203,22158.181640625,0.16959184408187866,0.1556059606559439,5972.01708984375,17.02799898550969,2.314933059938712
Santo Niño,201526000,201500000,200000000,361.2586132857716,0,0,0,FALSE,FALSE,NA,63.427188873291016,28136.171875,0.007897294126451015,0.101935270368136,3592.060302734375,36.745592156096784,10.8959349596362
Solana,201527000,201500000,200000000,272.9395215876377,0,0,0,FALSE,FALSE,NA,288.62896728515625,96598.6015625,0.14331984519958496,0.12464297721693825,12465.7841796875,10.00511604096261,6.704371625888525
Tuao,201528000,201500000,200000000,187.91028825188505,0,0,0,FALSE,FALSE,NA,245.03759765625,56468.125,0.10411379486322403,0.12667736777990596,16202.4140625,24.974853542599366,6.629191531542355
Tuguegarao City,201529000,201500000,200000000,119.60585927924019,0,0,0,FALSE,FALSE,NA,1189.2205810546875,174355.25,1.2507143020629883,0.6598276172646691,50963.81640625,4.037746343356124,0.11560234902839478
Alicia,203101000,203100000,200000000,158.4317066578947,0,0,0,FALSE,FALSE,NA,379.619140625,73417.6328125,0.17456375062465668,0.16945027129286772,15794.0263671875,15.184151062652374,4.427351188876138
Angadanan,203102000,203100000,200000000,194.61631789184378,0,0,0,FALSE,FALSE,NA,174.63368225097656,41477.7421875,0.0286968182772398,0.12951935729705827,7653.32275390625,17.429847147757837,8.909044574248016
Aurora,203103000,203100000,200000000,74.77362595207467,0,0,0,FALSE,FALSE,NA,400.8280334472656,36618.4140625,0.33373355865478516,0.17255877734684194,19772.154296875,13.121537997509984,0.08696883518705151
Benito Soliven,203104000,203100000,200000000,176.79038203643958,0,0,0,FALSE,FALSE,NA,138.65127563476562,29931.60546875,0.01094631478190422,0.10733991223218438,4914.22802734375,23.123609453312245,17.650683573788378
Burgos,203105000,203100000,200000000,77.28347470947296,0,0,0,FALSE,FALSE,NA,277.52783203125,26215.2734375,0.05174528434872627,0.10997138311349229,13005.8681640625,15.199462712842111,9.770489364496742
Cabagan,203106000,203100000,200000000,307.7796161635339,0,0,0,FALSE,FALSE,NA,145.50927734375,54826.484375,0.05844968929886818,0.10992537331983943,5425.58544921875,32.501411280660996,6.5724666144822725
Cabatuan,203107000,203100000,200000000,63.928882442653894,0,0,0,FALSE,FALSE,NA,689.58868408203125,53847.78515625,0.27562934160232544,0.22909321567880103,24894.0703125,9.879885921309205,1.0663544817880621
City of Cauayan,203108000,203100000,200000000,336.71695735718697,0,0,0,FALSE,FALSE,NA,362.2868957519531,148950.65625,0.2757449746131897,0.14333356297056357,15084.2109375,9.185782670524082,6.590805394184657
Cordon,203109000,203100000,200000000,224.52140254952766,0,0,0,FALSE,FALSE,NA,171.4116973876953,46693.3046875,0.08317133039236069,0.14362060684903888,7267.9833984375,41.148915947238834,6.5233548376321595
Dinapigue,203110000,203100000,200000000,953.4165890269339,0,0,0,FALSE,FALSE,NA,9.638605117797852,11206.8818359375,0,0,203.72976684570312,60.66674411558928,47.97908582139
Divilacan,203111000,203100000,200000000,528.7577494463625,0,0,0,FALSE,FALSE,NA,9.6500091552734375,6240.32763671875,0,0,160.27613830566406,69.12223924695734,42.929139579919614
Echague,203112000,203100000,200000000,443.89575526808545,0,0,0,FALSE,FALSE,NA,195.4335174560547,105800.3125,0.0477246455848217,0.11340979977128436,6003.0322265625,31.861614986210633,12.885810373611886
Gamu,203113000,203100000,200000000,96.64674855898761,0,0,0,FALSE,FALSE,NA,291.41131591796875,34424.16015625,0.11762969195842743,0.14543204300897314,13660.0498046875,16.94598958794066,4.803475718538933
City of Ilagan,203114000,203100000,200000000,962.621706545114,0,0,0,FALSE,FALSE,NA,128.1752471923828,150854.953125,0.12944480776786804,0.09815562681153149,5723.953125,38.19514043656118,11.34769828338086
Jones,203115000,203100000,200000000,465.2155848056756,0,0,0,FALSE,FALSE,NA,104.04261779785156,59000.6171875,0.00672390591353178,0.11301714699189212,3569.712158203125,43.0002669938497,22.917436901483573
Luna,203116000,203100000,200000000,45.606408933172666,0,0,0,FALSE,FALSE,NA,584.52716064453125,32566.80078125,0.3886639177799225,0.33997549074516614,21279.916015625,5.36623921750387,2.4459050910301494
Maconacon,203117000,203100000,200000000,464.361567416598,0,0,0,FALSE,FALSE,NA,5.846003532409668,3323.748779296875,0,0,227.465087890625,49.75033256932743,35.157845800694666
Delfin Albano,203118000,203100000,200000000,177.90354921527975,0,0,0,FALSE,FALSE,NA,106.64413452148438,23214.025390625,0.04469837620854378,0.10771904265054721,7585.2587890625,37.60797825657155,7.125280441819645
Mallig,203119000,203100000,200000000,116.22043092862927,0,0,0,FALSE,FALSE,NA,177.56304931640625,25243.291015625,0.10662204027175903,0.14781852842228277,10255.7236328125,33.945156435585844,1.246087885946898
Naguilian,203120000,203100000,200000000,163.28392268616656,0,0,0,FALSE,FALSE,NA,273.1356506347656,54482.67578125,0.11233071982860565,0.12342746646343201,6915.13671875,14.537101348045548,5.31297134822722
Palanan,203121000,203100000,200000000,374.55438608946656,0,0,0,FALSE,FALSE,NA,24.009521484375,10983.880859375,0,0,720.60345458984375,71.63506065573596,55.08537519970328
Quezon,203122000,203100000,200000000,216.50722691626058,0,0,0,FALSE,FALSE,NA,107.54361724853516,28497.0234375,0.03754275664687157,0.09668568277943379,5278.64404296875,39.077481171480365,0.7661529291537226
Quirino,203123000,203100000,200000000,125.5443969262817,0,0,0,FALSE,FALSE,NA,160.44398498535156,24631.5546875,0.048964474350214005,0.10349673824155234,8927.978515625,25.167696267245418,12.704128644034723
Ramon,203124000,203100000,200000000,126.32317780641499,0,0,0,FALSE,FALSE,NA,439.8814392089844,67825.5234375,0.22392691671848297,0.16874022392526808,16226.6748046875,29.262558628829392,1.3029491585195172
Reina Mercedes,203125000,203100000,200000000,51.62339026704679,0,0,0,FALSE,FALSE,NA,496.973876953125,31346.603515625,0.24515363574028015,0.24642027941443495,20079.490234375,8.261105529006649,1.879266662275954
Roxas,203126000,203100000,200000000,118.95360008467901,0,0,0,FALSE,FALSE,NA,470.3793029785156,68413.2734375,0.23455268144607544,0.17593491007565948,18081.4140625,26.141972238812134,0.3803005414501343
San Agustin,203127000,203100000,200000000,188.35342509402193,0,0,0,FALSE,FALSE,NA,96.168487548828125,22071.34375,0.006090845912694931,0.10747993970810207,4953.84326171875,51.38564630434034,14.151161774565578
San Guillermo,203128000,203100000,200000000,386.66484231163383,0,0,0,FALSE,FALSE,NA,46.881919860839844,22109.8046875,0.0035780658945441246,0.10529315726770729,1409.7196044921875,35.79977120519757,28.75635140185064
San Isidro,203129000,203100000,200000000,64.4064789539522,0,0,0,FALSE,FALSE,NA,368.4897155761719,28960.7890625,0.0950050950050354,0.14156520872377482,12795.23046875,24.936728451469307,4.901708861924017
San Manuel,203130000,203100000,200000000,104.02646359996557,0,0,0,FALSE,FALSE,NA,400.1832275390625,50876.21875,0.08224581182003021,0.1326388053733145,11844.982421875,18.308208403397433,1.0981338577274702
San Mariano,203131000,203100000,200000000,1397.6303344788848,1,1,24,FALSE,TRUE,NA,50.3344612121582,85891.6875,0.009708116762340069,0.1111904891100953,1344.6898193359375,43.09374111810675,34.229159661445124
San Mateo,203132000,203100000,200000000,110.39992316963124,0,0,0,FALSE,FALSE,NA,526.5467529296875,70984.40625,0.1840815246105194,0.16041735972380905,22362.83203125,18.631374163881965,0.4869724055282954
San Pablo,203133000,203100000,200000000,450.47271314690465,0,0,0,FALSE,FALSE,NA,56.69879913330078,31281.939453125,0.021649541333317757,0.11985463547768847,1841.9271240234375,28.702149690185994,14.265757210817814
Santa Maria,203134000,203100000,200000000,118.96761192749548,0,0,0,FALSE,FALSE,NA,157.6001739501953,22965.86328125,0.06336789578199387,0.1320943411822311,7761.50634765625,19.3622317122032,0.7414175991524911
City of Santiago,203135000,203100000,200000000,151.81689755750037,0,0,0,FALSE,FALSE,NA,811.2767333984375,150249.421875,0.8653153777122498,0.4300655256741161,28722.34765625,34.81063871323527,1.287493879918693
Santo Tomas,203136000,203100000,200000000,77.301015884610365,0,0,0,FALSE,FALSE,NA,198.2157440185547,18757.921875,0.03407406434416771,0.1177791847320044,11653.1025390625,30.28588096968917,7.068180516133223
Tumauini,203137000,203100000,200000000,400.62022506267766,0,0,0,FALSE,FALSE,NA,156.03988647460938,76491.4375,0.050312016159296036,0.10236369051318998,6036.21435546875,44.068931114014376,9.676995186984849
Ambaguio,205001000,205000000,200000000,177.55583300296814,0,0,0,FALSE,FALSE,NA,100.40675354003906,21735.08984375,0,0,1226.6435546875,49.585722423888775,10.518215575473059
Aritao,205002000,205000000,200000000,292.0438124031025,0,0,0,FALSE,FALSE,NA,134.68295288085938,47880.37890625,0.02538245916366577,0.11167945250401674,4348.55322265625,46.33413607134661,3.00890284652376
Bagabag,205003000,205000000,200000000,146.68373417484517,0,0,0,FALSE,FALSE,NA,250.85906982421875,44873.2578125,0.08462561666965485,0.13134277507952585,9070.8330078125,63.980196508380196,0.9193705825282888
Bambang,205004000,205000000,200000000,229.66272430032393,0,0,0,FALSE,FALSE,NA,181.58387756347656,50803.21484375,0.07670406997203827,0.12357070931108989,8038.4033203125,50.5173247368122,0.34752425656622477
Bayombong,205005000,205000000,200000000,142.3676497913807,0,0,0,FALSE,FALSE,NA,401.2908630371094,69627.8984375,0.15851356089115143,0.15362746175211522,14189.884765625,56.95286342953753,0.9418067943397346
Diadi,205006000,205000000,200000000,210.76316175160963,0,0,0,FALSE,FALSE,NA,76.415802001953125,19644.63671875,0.029597347602248192,0.11171973202211838,2833.270263671875,53.02406134055916,0.0429902259785909
Dupax del Norte,205007000,205000000,200000000,298.3800460157571,0,0,0,FALSE,FALSE,NA,84.93596649169922,30844.953125,0.010065296664834023,0.13151511846981812,3885.941162109375,59.569719144593606,22.199183629529987
Dupax del Sur,205008000,205000000,200000000,411.9265637624599,0,0,0,FALSE,FALSE,NA,44.52566146850586,22313.60546875,0.008010180667042732,0.0869087771819577,1400.87646484375,54.436496414285394,24.495145225789646
Kasibu,205009000,205000000,200000000,616.6660144580601,0,0,0,FALSE,FALSE,NA,58.11369323730469,43642.39453125,0.09825452417135239,0.09846360128894502,2376.039794921875,68.48375124490069,25.01261258601841
Kayapa,205010000,205000000,200000000,517.4668120316292,0,0,0,FALSE,FALSE,NA,39.76435470581055,25068.380859375,0.00373919028788805,0.07447072991967156,1114.4183349609375,32.41736060619864,4.398488716619068
Quezon,205011000,205000000,200000000,212.2789097725835,0,0,0,FALSE,FALSE,NA,115.2354736328125,29813.01171875,0.0744173601269722,0.14928351349409805,3057.987060546875,69.7719981696377,9.445791217284725
Santa Fe,205012000,205000000,200000000,247.17529507002544,0,0,0,FALSE,FALSE,NA,54.53071594238281,16403.09375,0.018442131578922272,0.1001471072726996,1575.7637939453125,36.986764557988934,1.838722017363466
Solano,205013000,205000000,200000000,88.3908347819893,0,0,0,FALSE,FALSE,NA,539.1182861328125,58097.2734375,0.2124532014131546,0.14769433736256193,21648.798828125,62.357485719031914,2.999339231485371
Villaverde,205014000,205000000,200000000,67.99387693520731,0,0,0,FALSE,FALSE,NA,204.1253662109375,16926.37109375,0.007933069951832294,0.1087199814300722,9843.55078125,62.462329393801205,8.288082126246621
Alfonso Castaneda,205015000,205000000,200000000,466.4876585648733,0,0,0,FALSE,FALSE,NA,20.495742797851562,11619.458984375,0.005231184884905815,0.0818488980869496,456.56207275390625,27.125519414862122,23.159544639495717
Aglipay,205701000,205700000,200000000,280.2443006478739,0,0,0,FALSE,FALSE,NA,90.75691223144531,30985.298828125,0.004151769448071718,0.07597625938518353,3112.29443359375,59.83585155980716,5.531533796405678
Cabarroguis,205702000,205700000,200000000,188.9589282155794,0,0,0,FALSE,FALSE,NA,146.4291534423828,33713.703125,0.03223263844847679,0.10815591323773364,6400.81494140625,60.437325310157654,8.865461330919077
Diffun,205703000,205700000,200000000,288.0921619273338,0,0,0,FALSE,FALSE,NA,205.68064880371094,72240.140625,0.014033243060112,0.11675404987287183,6131.73974609375,52.45668515596099,5.9027637156837365
Maddela,205704000,205700000,200000000,770.759910977612,0,0,0,FALSE,FALSE,NA,50.00992965698242,46940.62890625,0.0077340202406048775,0.11361208584104913,2135.531005859375,63.82213877272611,10.641771653458097
Saguday,205705000,205700000,200000000,50.14018036117382,0,0,0,FALSE,FALSE,NA,292.4450378417969,17875.6953125,0.02111310511827469,0.10756211845316883,10796.9345703125,46.244530582677946,3.79834791154178
Nagtipunan,205706000,205700000,200000000,1189.8224151037086,0,0,0,FALSE,FALSE,NA,19.07626724243164,27612.98046875,4.0783523581922054e-4,0.09480359031950393,760.72515869140625,44.624504906391,19.300972536721567
Abucay,300801000,300800000,300000000,76.88424849296504,0,0,0,FALSE,FALSE,NA,348.0682678222656,32341.751953125,0.46562257409095764,0.20035539899051677,13841.513671875,24.559205072120278,2.835947713986102
Bagac,300802000,300800000,300000000,189.0283689501349,0,0,0,FALSE,FALSE,NA,110.0074462890625,25115.857421875,0.14962051808834076,0.08906174131453891,3507.4013671875,27.457019207040485,1.5870668454516927
City of Balanga,300803000,300800000,300000000,89.58774798044259,0,0,0,FALSE,FALSE,NA,810.345703125,87715.46875,1.1242692470550537,0.143020568698037,28709.087890625,27.03344065170977,3.4996172340573724
Dinalupihan,300804000,300800000,300000000,75.51116234336939,0,0,0,FALSE,FALSE,NA,687.96124267578125,62825.02734375,0.8682034015655518,0.47864579400030166,31453.193359375,19.042497891825068,2.288197723606585
Hermosa,300805000,300800000,300000000,148.9550158996857,1,2,184.0433,TRUE,FALSE,2006,663.14141845703125,119426.609375,0.5625848174095154,0.22099839174637492,14570.90625,16.87041502611271,2.956763419236657
Limay,300806000,300800000,300000000,60.69286924227597,0,0,0,FALSE,FALSE,NA,762.8594970703125,55911.80859375,5.290010452270508,0.7369355473724978,27713.166015625,37.04407838323259,2.821243531419531
Mariveles,300807000,300800000,300000000,194.28955376407484,1,1,26.015,TRUE,FALSE,NA,541.091552734375,126905.6875,1.1776390075683594,0.1259314627480118,14069,42.89269010036745,2.630594594143161
Morong,300808000,300800000,300000000,173.6032563585176,0,0,0,FALSE,FALSE,NA,81.4344482421875,17083.32421875,0.15298587083816528,0.1113350563453601,3705.9287109375,11.642836375271681,5.480778420575926
Orani,300809000,300800000,300000000,53.65674964042695,0,0,0,FALSE,FALSE,NA,1035.124755859375,67144.8203125,1.052398681640625,0.495383128414011,30792.138671875,23.02432321875245,0.5665292827026677
Orion,300810000,300800000,300000000,89.63955828815234,0,0,0,FALSE,FALSE,NA,487.00201416015625,52728.2734375,0.41461843252182007,0.24987048954279553,12736.69140625,36.093422415190794,4.428573092962457
Pilar,300811000,300800000,300000000,45.552450406483786,0,0,0,FALSE,FALSE,NA,772.933837890625,42534.703125,0.7025462985038757,0.36616350664109204,23233.5,32.2328227579779,0.2609694884755385
Samal,300812000,300800000,300000000,47.512888042222094,0,0,0,FALSE,FALSE,NA,639.3292236328125,36717.42578125,0.7889885902404785,0.5349414864185994,22376.271484375,23.810639694657265,0.8284196936311774
Angat,301401000,301400000,300000000,49.44008839910671,0,0,0,FALSE,FALSE,NA,993.5401611328125,59424.7890625,0.9240202307701111,0.8063036697039508,25729.48828125,46.685286313207975,1.3686618200484515
Balagtas,301402000,301400000,300000000,21.477562602196898,0,0,0,FALSE,FALSE,NA,3089.234619140625,80230.125,3.5075132846832275,2.022567936724803,61959.8828125,36.840355242292105,0.14404231254639488
City of Baliwag,301403000,301400000,300000000,45.74047914506776,0,0,0,FALSE,FALSE,NA,1646.056640625,91097.84375,2.2353434562683105,1.2503419370932507,71880.4453125,42.65962763262384,0.7474520554338004
Bocaue,301404000,301400000,300000000,26.335397013843465,0,0,0,FALSE,FALSE,NA,3149.39794921875,100279.3515625,5.401203632354736,4.2246991811034675,89120.5546875,33.45112020398219,0.20616611227983975
Bulacan,301405000,301400000,300000000,72.33674505158403,0,0,0,FALSE,FALSE,NA,825.25128173828125,72165.2109375,0.5315949320793152,0.23787438625443166,19879.58984375,30.373156150403197,6.6461308434815995
Bustos,301406000,301400000,300000000,39.82467144066996,0,0,0,FALSE,FALSE,NA,2576.802978515625,124147.0703125,1.3141884803771973,1.1481779680495032,41401.23046875,47.72279655603407,0.6961524720543784
Calumpit,301407000,301400000,300000000,46.82414063452148,1,1,18.6738,FALSE,TRUE,NA,2057.356689453125,116525.109375,1.8515071868896484,1.076521497843944,50168.578125,38.28971637280497,0.5450752780529361
Guiguinto,301408000,301400000,300000000,22.29353357524952,0,0,0,FALSE,FALSE,NA,5599.54248046875,150960.546875,5.22747802734375,5.2612491296110715,115443.5859375,38.70332007560916,0.3716357935806234
Hagonoy,301409000,301400000,300000000,83.38388638190195,0,0,0,FALSE,FALSE,NA,1154.8568115234375,113611.9765625,0.5196325182914734,0.2583322422263855,19926.26953125,39.95930282032717,9.258028677074366
City of Malolos,301410000,301400000,300000000,70.84652096998006,0,0,0,FALSE,FALSE,NA,2433.05859375,208438.78125,2.8381714820861816,2.0752911778741696,76062.46875,38.30926546009768,1.7243775316004755
Marilao,301411000,301400000,300000000,28.306204606868743,0,0,0,FALSE,FALSE,NA,4171.8740234375,142760.09375,5.843841075897217,5.318549051792374,165833.703125,29.705147173556355,1.2510813509203715
City of Meycauayan,301412000,301400000,300000000,31.793812024877624,0,0,0,FALSE,FALSE,NA,6109.55224609375,234804.34375,6.063292503356934,5.7937790596389585,153121.359375,27.551636404589857,0.10049095115631945
Norzagaray,301413000,301400000,300000000,297.3367018722738,0,0,0,FALSE,FALSE,NA,392.0530090332031,140988.90625,0.45140016078948975,0.16300901459362951,7645.7724609375,44.446680129092435,10.617907834399583
Obando,301414000,301400000,300000000,16.21278654453717,1,1,79.1485,TRUE,FALSE,NA,1625.2293701171875,30221.353515625,1.6172763109207153,0.9480046179796748,43196.2890625,24.905772556654544,3.962433845856342
Pandi,301415000,301400000,300000000,50.42605228852198,0,0,0,FALSE,FALSE,NA,1543.715576171875,94151.7421875,1.3692909479141235,1.2787325930418438,46110.47265625,41.94191696822606,4.9497514689885325
Paombong,301416000,301400000,300000000,45.26096464218369,0,0,0,FALSE,FALSE,NA,1195.1060791015625,65401.953125,0.4486207664012909,0.21426891042262197,21314.15234375,37.11512569974026,5.876338882877754
Plaridel,301417000,301400000,300000000,35.74401842997074,0,0,0,FALSE,FALSE,NA,2592.84619140625,112098.0625,3.264765739440918,2.4837744384973144,64231.7265625,43.64694107561297,0.00603345244097397
Pulilan,301418000,301400000,300000000,42.63890966840158,0,0,0,FALSE,FALSE,NA,1482.3997802734375,76463.4609375,2.40704083442688,1.5388791635738415,56422.27734375,41.797936296453294,1.6897775933211499
San Ildefonso,301419000,301400000,300000000,166.5286583676286,0,0,0,FALSE,FALSE,NA,538.01507568359375,108454.4609375,0.5416658520698547,0.36144306960764117,21513.5390625,49.04372810754615,3.5253698875644384
City of San Jose Del Monte,301420000,301400000,300000000,107.8297338574444,0,0,0,FALSE,FALSE,NA,3970.643310546875,517698.25,2.3050742149353027,1.7728107863512255,70163.734375,34.688967880573266,0.8742657054817409
San Miguel,301421000,301400000,300000000,231.9357081923095,0,0,0,FALSE,FALSE,NA,582.2630615234375,163562.984375,0.3511712849140167,0.263900609385115,18782.92578125,48.50952053447505,4.680025073706432
San Rafael,301422000,301400000,300000000,101.66938708326472,0,0,0,FALSE,FALSE,NA,857.64630126953125,105517.71875,0.8442533612251282,0.6509453695712174,27739.765625,48.647621107736335,2.7397559041121218
Santa Maria,301423000,301400000,300000000,79.15434085938884,1,1,62.7846,TRUE,FALSE,2006,2617.357177734375,250530.875,2.693303108215332,2.096804116139158,80360.203125,36.71163054423781,1.0400926712485044
Doña Remedios Trinidad,301424000,301400000,300000000,991.3510707614148,0,0,0,FALSE,FALSE,NA,55.704444885253906,66848.8203125,0.021935753524303436,0.11098855839539488,444.17864990234375,64.92461312889705,23.74025572376561
Aliaga,304901000,304900000,300000000,95.25223211809323,0,0,0,FALSE,FALSE,NA,411.07061767578125,47495.11328125,0.2633745074272156,0.2374385824226574,18182.349609375,48.19096342641109,0.6203622303422768
Bongabon,304902000,304900000,300000000,215.54316238578576,0,0,0,FALSE,FALSE,NA,176.94981384277344,46296.88671875,0.12244784086942673,0.12107859034508038,6695.7373046875,30.24350446504822,0.20929419991667547
City of Cabanatuan,304903000,304900000,300000000,189.21285141474067,0,0,0,FALSE,FALSE,NA,1392.4674072265625,319571.6875,1.311354398727417,0.7040705163984813,42936.9765625,57.30125398642353,0.12621606805328794
Cabiao,304904000,304900000,300000000,112.26271994740291,0,0,0,FALSE,FALSE,NA,567.0794677734375,77122.453125,0.225778266787529,0.15623325046469358,17568.58203125,31.060945651577914,0.01841545493415891
Carranglan,304905000,304900000,300000000,734.4240131158062,0,0,0,FALSE,FALSE,NA,58.4796257019043,52224.546875,0.0337957926094532,0.07862279417799348,1381.0704345703125,59.13280560377312,6.809293395417232
Cuyapo,304906000,304900000,300000000,178.34381522036625,0,0,0,FALSE,FALSE,NA,337.0369873046875,73006.9296875,0.12424319237470627,0.13573111890418021,10542.1953125,65.85505800899918,2.001881574193797
Gabaldon,304907000,304900000,300000000,367.48276049825597,0,0,0,FALSE,FALSE,NA,97.0126953125,43241.34765625,0.02077043615281582,0.07405800210461981,2252.7021484375,34.38681177935565,1.5154339436548911
City of Gapan,304908000,304900000,300000000,172.14269810702385,0,0,0,FALSE,FALSE,NA,490.3564147949219,102284.875,0.31953492760658264,0.17277587295366667,17162.53515625,49.314109738848984,6.319516712296893
General Mamerto Natividad,304909000,304900000,300000000,108.39501367811151,0,0,0,FALSE,FALSE,NA,377.2607116699219,49623.16796875,0.13162754476070404,0.1271191322995811,9127.9248046875,50.24947382508481,5.848944988154828
General Tinio,304910000,304900000,300000000,563.1210457643751,0,0,0,FALSE,FALSE,NA,76.91565704345703,52493.51953125,0.02939358912408352,0.10416996865330107,2359.701171875,54.1996470938077,19.11069034987198
Guimba,304911000,304900000,300000000,215.33462681142277,0,0,0,FALSE,FALSE,NA,540.193603515625,141196.90625,0.1861947476863861,0.14754273249836117,14558.6904296875,56.210253516663485,0.34253335313478006
Jaen,304912000,304900000,300000000,98.08692235619014,0,0,0,FALSE,FALSE,NA,716.6806640625,85219.890625,0.32826951146125793,0.19774062254098784,24950.7109375,40.198649780697494,5.977425661645799
Laur,304913000,304900000,300000000,156.240495079416,0,0,0,FALSE,FALSE,NA,221.74575805664062,42031.7421875,0.029790271073579788,0.10834625280857714,5723.21826171875,39.99785036552467,3.5770481084922188
Licab,304914000,304900000,300000000,64.45199482421438,0,0,0,FALSE,FALSE,NA,468.40411376953125,36623.8046875,0.09102284908294678,0.1401660551074354,10863.08984375,44.36035385904999,6.033082432448426
Llanera,304915000,304900000,300000000,100.09471305740747,0,0,0,FALSE,FALSE,NA,360.58563232421875,43814.75390625,0.1642974317073822,0.11482510859833836,12313.427734375,52.752482839873274,3.1649455716574746
Lupao,304916000,304900000,300000000,116.74077276148978,0,0,0,FALSE,FALSE,NA,382.6712951660156,54278.64453125,0.12450838834047318,0.11781957136720463,9682.431640625,65.00700952920948,1.561230046922084
Science City of Muñoz,304917000,304900000,300000000,129.43190933589264,0,0,0,FALSE,FALSE,NA,573.05889892578125,90067.8984375,0.25462326407432556,0.12276622771095227,18505.265625,64.65163158100164,2.5638645719065027
Nampicuan,304918000,304900000,300000000,46.535498509802615,0,0,0,FALSE,FALSE,NA,329.111083984375,18595.60546875,0.10196813941001892,0.14133673343556766,8479.375,59.84811594037561,4.955666501240656
City of Palayan,304919000,304900000,300000000,131.219023521436,0,0,0,FALSE,FALSE,NA,347.3481750488281,55283.453125,0.3152276277542114,0.17929308885180684,11407.17578125,49.27404607171294,6.015931793133232
Pantabangan,304920000,304900000,300000000,419.73187052561707,0,0,0,FALSE,FALSE,NA,67.914642333984375,34629.7890625,0.04018797725439072,0.07556428199640074,1669.8924560546875,38.32187863547002,13.233952789207098
Peñaranda,304921000,304900000,300000000,63.07139440464177,0,0,0,FALSE,FALSE,NA,404.86212158203125,30955.38671875,0.21814243495464325,0.17777325633331953,17033.8828125,54.11553216099377,8.887680060393356
Quezon,304922000,304900000,300000000,64.10082429372885,0,0,0,FALSE,FALSE,NA,526.69512939453125,40964.203125,0.10514562577009201,0.14382488759557752,14649.478515625,51.076201742881665,6.375521227799073
Rizal,304923000,304900000,300000000,134.44845733414553,0,0,0,FALSE,FALSE,NA,414.5799560546875,67669.40625,0.1400020718574524,0.1443601627909402,10975.6279296875,41.80835591268326,1.3136542611207231
San Antonio,304924000,304900000,300000000,181.25394435884633,0,0,0,FALSE,FALSE,NA,464.977783203125,102144.578125,0.14403361082077026,0.15616964710707876,13166.05078125,30.604304217644263,9.331274639527278
San Isidro,304925000,304900000,300000000,47.78683454040703,0,0,0,FALSE,FALSE,NA,1177.497314453125,68178.859375,0.4216504693031311,0.28245130568459303,33100.53515625,38.76602502657785,3.4086910656414613
San Jose City,304926000,304900000,300000000,191.93702339709898,0,0,0,FALSE,FALSE,NA,669.4093017578125,156058.890625,0.5245205163955688,0.23781700303510903,19976.62890625,53.99222421265331,0.30098714428182505
San Leonardo,304927000,304900000,300000000,50.76833577775282,0,0,0,FALSE,FALSE,NA,1136.5743408203125,69944.34375,0.8258264660835266,0.7025709745227504,36882.921875,45.85483400176012,0.8657893115850127
Santa Rosa,304928000,304900000,300000000,107.1159785867414,0,0,0,FALSE,FALSE,NA,651.43060302734375,84611.9375,0.4138648509979248,0.34516527184774826,19845.23828125,51.46917273725424,1.331732129040613
Santo Domingo,304929000,304900000,300000000,86.1775939406756,0,0,0,FALSE,FALSE,NA,698.5673828125,73063.484375,0.2775892913341522,0.20338909246374548,19076.12109375,59.15760972350079,2.340389047833957
Talavera,304930000,304900000,300000000,131.75679889677258,0,0,0,FALSE,FALSE,NA,899.23162841796875,143794.15625,0.4433829188346863,0.3109190047913412,26842.087890625,61.28257694961557,2.428847693940233
Talugtug,304931000,304900000,300000000,106.88490812227175,0,0,0,FALSE,FALSE,NA,192.53623962402344,24992.912109375,0.03509301319718361,0.09688258508847206,6190.9833984375,69.27984417693632,10.963117640226686
Zaragoza,304932000,304900000,300000000,77.45945410753794,0,0,0,FALSE,FALSE,NA,610.4703369140625,57341.515625,0.26386937499046326,0.21337555230825986,16547.119140625,37.99919656142349,0.4763371365618228
Apalit,305402000,305400000,300000000,57.57751483302409,0,0,0,FALSE,FALSE,NA,1706.5654296875,118885.9296875,1.5669803619384766,0.8496419485375347,43718.546875,35.07758074980429,1.1392506379286258
Arayat,305403000,305400000,300000000,187.12063948040435,0,0,0,FALSE,FALSE,NA,782.89306640625,177425.359375,0.4429660141468048,0.23627820317131484,19832.453125,21.939073197164017,2.367211861843636
Bacolor,305404000,305400000,300000000,83.53614652659941,1,2,101.9998,TRUE,TRUE,2000,826.511474609375,83564.0390625,1.4969145059585571,0.9851117242852045,27866.044921875,18.121815902989916,3.8851559234845072
Candaba,305405000,305400000,300000000,207.97760124415737,0,0,0,FALSE,FALSE,NA,413.0624084472656,102771.2734375,0.22795820236206055,0.19275059339880443,16504.974609375,34.96137617353152,1.9617832529622024
Floridablanca,305406000,305400000,300000000,134.84012997292785,0,0,0,FALSE,FALSE,NA,585.661865234375,95549.796875,0.6292192339897156,0.5527309333862486,34526.59375,24.348010792200387,1.4390259348093655
Guagua,305407000,305400000,300000000,44.837686126299054,0,0,0,FALSE,FALSE,NA,1357.853515625,73669.7734375,1.446817398071289,1.1741819444603403,70265.390625,22.45869288706953,1.469039890102907
Lubao,305408000,305400000,300000000,165.0317790353071,0,0,0,FALSE,FALSE,NA,949.28033447265625,189486.765625,0.6084744334220886,0.4124818215486885,34300.109375,31.779372431266687,1.0015807988628633
Mabalacat City,305409000,305400000,300000000,97.53953635370723,1,1,139.8666,TRUE,FALSE,2004,1345.916015625,159018.515625,3.039665937423706,1.800020919144413,60248.3359375,3.4743443161121315,0.526253014522797
Macabebe,305410000,305400000,300000000,90.26286039613633,0,0,0,FALSE,FALSE,NA,471.37921142578125,51336.48046875,0.43441981077194214,0.23037717880292902,14955.17578125,36.645061928747424,10.493628228830358
Magalang,305411000,305400000,300000000,96.9247505105876,0,0,0,FALSE,FALSE,NA,1628.208251953125,191178.59375,0.8768340349197388,0.7379002322030415,46115.2578125,13.457958510696256,1.6525881614380056
Masantol,305412000,305400000,300000000,67.60441782975832,0,0,0,FALSE,FALSE,NA,797.57171630859375,64545.9375,0.18562595546245575,0.18773588994221047,18005.314453125,39.691438685916474,11.035881055234867
Mexico,305413000,305400000,300000000,124.34271750113056,0,0,0,FALSE,FALSE,NA,2203.94970703125,331782.71875,1.6851415634155273,1.123905432505345,42730.1875,17.42918188881703,3.048030048913621
Minalin,305414000,305400000,300000000,52.02207936505011,0,0,0,FALSE,FALSE,NA,1737.82177734375,109380.96875,0.6504263281822205,0.5533733239042694,25613.412109375,28.849411282760563,5.689602264976475
Porac,305415000,305400000,300000000,297.1089380361218,0,0,0,FALSE,FALSE,NA,279.64764404296875,100584.2578125,0.5852185487747192,0.20690561816578795,15567.6767578125,13.451523373121896,3.5828707841462384
City of San Fernando,305416000,305400000,300000000,70.14069283405736,0,0,0,FALSE,FALSE,NA,2916.017333984375,247582.828125,6.988314151763916,5.52020006415828,145092.71875,16.826568063524178,0.7200573224342244
San Luis,305417000,305400000,300000000,48.074578672847686,0,0,0,FALSE,FALSE,NA,897.45733642578125,52219.59765625,0.707421064376831,0.6634658762314498,32553.80078125,31.951642449857633,5.666416208906013
San Simon,305418000,305400000,300000000,55.152403190269204,0,0,0,FALSE,FALSE,NA,1183.9287109375,79018.2109375,1.1784850358963013,0.7113359274466782,37298.42578125,32.051586004223694,4.3673442005751095
Santa Ana,305419000,305400000,300000000,37.44510109572543,0,0,0,FALSE,FALSE,NA,1227.003662109375,55626.9453125,0.9373326897621155,0.6796911961540456,37386.8671875,22.908135187379077,1.5028381743805421
Santa Rita,305420000,305400000,300000000,21.653202759455297,0,0,0,FALSE,FALSE,NA,1444.0057373046875,37839.45703125,1.0200350284576416,0.9766416962065346,63452.4765625,19.039272650165547,4.6797771714285865
Sto. Tomas,305421000,305400000,300000000,13.840538121741881,0,0,0,FALSE,FALSE,NA,1512.407470703125,25331.0546875,2.884948253631592,2.320696781243387,74865.9921875,26.44894635212296,0.6035177340108814
Sasmuan,305422000,305400000,300000000,40.09275733729453,0,0,0,FALSE,FALSE,NA,727.3104248046875,35268.0078125,0.18730418384075165,0.20862708163693425,8526.732421875,33.958761228552966,5.835614864487043
Anao,306901000,306900000,300000000,25.429051466781285,0,0,0,FALSE,FALSE,NA,407.3656921386719,12578.5546875,0.8575360178947449,0.39753774643512046,18684.98828125,61.08023220666904,0.4276696831988664
Bamban,306902000,306900000,300000000,207.46683122834693,0,0,0,FALSE,FALSE,NA,261.347412109375,65683.96875,0.3354584872722626,0.21119024824850677,10154.3603515625,11.962734237183113,5.154957347042758
Camiling,306903000,306900000,300000000,131.38457564480782,0,0,0,FALSE,FALSE,NA,493.751708984375,78747.265625,0.2358935922384262,0.1403106528431495,19180.625,57.251054741237546,0.41401435913922524
Capas,306904000,306900000,300000000,446.48005697986173,0,0,0,FALSE,FALSE,NA,242.17869567871094,131042.0625,0.2605369985103607,0.13585570629390542,10014.7138671875,20.84200283823383,7.279720841468282
Concepcion,306905000,306900000,300000000,213.08461418626248,0,0,0,FALSE,FALSE,NA,582.99041748046875,150561.3125,0.7922661304473877,0.5855264183978937,24257.37890625,20.287934304696503,2.9964017766920246
Gerona,306906000,306900000,300000000,122.34336563572691,0,0,0,FALSE,FALSE,NA,564.153564453125,83752.4765625,0.5176557898521423,0.37746170204069784,24703.693359375,45.251069609830736,4.049731953771759
La Paz,306907000,306900000,300000000,115.69782911925596,0,0,0,FALSE,FALSE,NA,411.2663879394531,57700.06640625,0.3594052791595459,0.3850245976139016,14898.1962890625,33.29887433060053,0.17414308556161592
Mayantoc,306908000,306900000,300000000,240.10207554205027,0,0,0,FALSE,FALSE,NA,136.53028869628906,39768.0234375,0.047959525138139725,0.09240235291377635,4043.112060546875,49.23529374400143,14.05516648585215
Moncada,306909000,306900000,300000000,101.7458585076125,0,0,0,FALSE,FALSE,NA,569.15679931640625,70316.3828125,0.23622409999370575,0.14904062042643712,16492.3671875,60.75432325319726,2.7524977948900267
Paniqui,306910000,306900000,300000000,106.64121990608587,0,0,0,FALSE,FALSE,NA,761.7591552734375,98605.90625,0.40499672293663025,0.2326005973044782,29045.87890625,52.90876963498357,0.526541648883252
Pura,306911000,306900000,300000000,32.11346525944256,0,0,0,FALSE,FALSE,NA,712.3150634765625,27761.587890625,1.0241665840148926,0.5812523947581488,25236.1328125,49.20225954681604,1.8679351472646626
Ramos,306912000,306900000,300000000,25.735806779765824,0,0,0,FALSE,FALSE,NA,737.57110595703125,23042.595703125,0.9619579315185547,0.5171465733881154,22760.3203125,54.503610054372196,1.7224410245604735
San Clemente,306913000,306900000,300000000,71.26458841674963,0,0,0,FALSE,FALSE,NA,161.9336700439453,14007.0322265625,0.06245981156826019,0.11715395556017419,6055.6923828125,58.562993214516524,6.050815429607995
San Manuel,306914000,306900000,300000000,32.67796136173663,0,0,0,FALSE,FALSE,NA,628.35302734375,24942.38671875,0.4596768021583557,0.3746545830828508,21264.54296875,62.031156400386806,0.8558048129704938
Santa Ignacia,306915000,306900000,300000000,131.46922904389425,0,0,0,FALSE,FALSE,NA,251.86367797851562,40175.97265625,0.16007444262504578,0.1593925738253605,13047.767578125,45.31797997413025,2.413389210918143
City of Tarlac,306916000,306900000,300000000,262.46251456989296,0,0,0,FALSE,FALSE,NA,1039.2337646484375,330803.78125,1.788757562637329,0.9525503798706271,38884.296875,32.92277038490962,0.08345831692647994
Victoria,306917000,306900000,300000000,109.6588150132903,0,0,0,FALSE,FALSE,NA,527.76141357421875,70220.8046875,0.44288501143455505,0.2220945649235067,18529.150390625,44.87406245307139,0.6573209811165628
San Jose,306918000,306900000,300000000,595.8489204051107,0,0,0,FALSE,FALSE,NA,48.23794174194336,34848.78125,0.03730851411819458,0.09435887397786195,1934.194580078125,36.86107841300242,21.924104892599175
Botolan,307101000,307100000,300000000,668.2020983987652,0,0,0,FALSE,FALSE,NA,76.57670593261719,61978.55078125,0.0394713468849659,0.06877209941752986,2272.87646484375,39.80039578591529,16.77466542503519
Cabangan,307102000,307100000,300000000,205.8877434028241,0,0,0,FALSE,FALSE,NA,110.75773620605469,27609.908203125,0.06804519891738892,0.09627208742382262,2827.675048828125,43.90424332790224,6.413641175275484
Candelaria,307103000,307100000,300000000,424.01882182238086,0,0,0,FALSE,FALSE,NA,47.11087417602539,24238.794921875,0.030625417828559875,0.08030504268561071,1904.6912841796875,70.88321836142956,15.580499989827622
Castillejos,307104000,307100000,300000000,104.09192644112926,0,0,0,FALSE,FALSE,NA,619.5771484375,78007.7109375,0.3237859308719635,0.17870245637587004,16422.76171875,16.439293514960614,0.1085400478753288
Iba,307105000,307100000,300000000,140.3718711648522,0,0,0,FALSE,FALSE,NA,281.38250732421875,47867.3671875,0.2118939459323883,0.10470618521430212,10950.810546875,59.717303172574354,7.415822603378629
Masinloc,307106000,307100000,300000000,248.45619394504163,0,0,0,FALSE,FALSE,NA,155.804443359375,46951.046875,0.15774758160114288,0.12128380824424385,3727.911865234375,66.79079554585265,9.434710516120855
Palauig,307108000,307100000,300000000,308.75498233005214,0,0,0,FALSE,FALSE,NA,108.58106994628906,40644.1328125,0.03762537240982056,0.08914858172279025,2851.513671875,61.873202914868116,9.12923550286155
San Antonio,307109000,307100000,300000000,167.2758458785655,0,0,0,FALSE,FALSE,NA,187.10440063476562,37845.78515625,0.13154581189155579,0.0952671679083607,6226.95166015625,20.144942859767923,11.166636008470466
San Felipe,307110000,307100000,300000000,114.38357253546769,0,0,0,FALSE,FALSE,NA,189.82298278808594,26276.234375,0.08632465451955795,0.09882010211112364,6257.09375,35.030597609955585,5.389941651330589
San Marcelino,307111000,307100000,300000000,426.14448836815427,0,0,0,FALSE,FALSE,NA,88.9968032836914,45892.625,0.03699105232954025,0.1276686839531993,2445.85546875,25.079023468390414,13.376412280032865
San Narciso,307112000,307100000,300000000,72.87832366643264,0,0,0,FALSE,FALSE,NA,387.5567321777344,34174.19140625,0.21165114641189575,0.11670728002678993,13683.6435546875,29.05419374766206,1.950868730930096
Santa Cruz,307113000,307100000,300000000,459.6247402909753,0,0,0,FALSE,FALSE,NA,104.8591079711914,58516.42578125,0.04129007086157799,0.06735600971732449,3295.4453125,84.84186380385303,12.676452460170486
Subic,307114000,307100000,300000000,247.51610724729775,1,1,76.59,TRUE,FALSE,1989,458.0077209472656,137089.140625,0.46881303191185,0.13828918028441228,9223.478515625,9.084304493962522,3.0256345804695637
Baler,307701000,307700000,300000000,99.59731996712698,0,0,0,FALSE,FALSE,NA,302.9674377441406,36640.3828125,0.13798724114894867,0.11152442359300412,9766.357421875,7.822780219749643,1.922725064183942
Casiguran,307702000,307700000,300000000,420.2140095326549,0,0,0,FALSE,FALSE,NA,46.30593490600586,23676.267578125,0.010201117023825645,0.06782166234335205,1608.5242919921875,82.11944862318009,1.3922236930033893
Dilasag,307703000,307700000,300000000,495.60764045041805,0,0,0,FALSE,FALSE,NA,26.499164581298828,15994.34375,0.0013000358594581485,0.09457943577350725,942.2083740234375,69.20069418396524,13.920551348304691
Dinalungan,307704000,307700000,300000000,326.38744504736877,0,0,0,FALSE,FALSE,NA,32.8962516784668,13063.8037109375,0.00299328682012856,0.0891067338595761,1130.4859619140625,64.89425537017054,6.437242844969297
Dingalan,307705000,307700000,300000000,354.3528686170664,0,0,0,FALSE,FALSE,NA,59.022953033447266,25339.5,0.009679812006652355,0.0825603798103696,920.74298095703125,52.65732888070574,12.704260349887464
Dipaculao,307706000,307700000,300000000,400.67377514955007,0,0,0,FALSE,FALSE,NA,70.43818664550781,34310.7578125,0.011387741193175316,0.06830991709541853,1881.16748046875,32.34037160872598,1.8875457918106213
Maria Aurora,307707000,307700000,300000000,335.524952119494,0,0,0,FALSE,FALSE,NA,119.51898193359375,48702.47265625,0.014317290857434273,0.09434322509384624,2877.587890625,11.418346284865668,8.010773636599518
San Luis,307708000,307700000,300000000,598.3283445698172,0,0,0,FALSE,FALSE,NA,43.44943618774414,31548.416015625,0.004982167389243841,0.08363707922894864,920.51837158203125,13.851056395602388,6.690781764617356
Agoncillo,401001000,401000000,400000000,48.77926894163761,0,0,0,FALSE,FALSE,NA,753.14703369140625,44257.2109375,0.2400156408548355,0.1426909297041326,27895.33984375,58.42759435536695,4.323191871038483
Alitagtag,401002000,401000000,400000000,25.469360119626245,0,0,0,FALSE,FALSE,NA,789.08489990234375,24200.568359375,0.7363500595092773,0.5992979468714642,28715.1484375,70.60807486309947,0.030348408117718224
Balayan,401003000,401000000,400000000,92.99638178971155,0,0,0,FALSE,FALSE,NA,732.05181884765625,82009.828125,0.8592950701713562,0.22352280441276942,24168.767578125,61.40039732059168,0.5714624005075942
Balete,401004000,401000000,400000000,24.600106220503335,0,0,0,FALSE,FALSE,NA,722.77911376953125,21423.54296875,0.5454691052436829,0.6144292291969379,19785.013671875,55.705417399791735,5.67951191728473
Batangas City,401005000,401000000,400000000,274.335015645661,0,0,0,FALSE,FALSE,NA,963.62591552734375,318117.5,2.7927749156951904,0.7056428002820554,38496.91796875,77.35171882348394,3.0373710588066882
Bauan,401006000,401000000,400000000,52.97926647910437,1,4,836.76532,TRUE,FALSE,2008,1283.828125,81880.0859375,2.474043607711792,0.7336959193152384,51241.17578125,76.59746997220209,2.828934118188813
City of Calaca,401007000,401000000,400000000,114.8479297384367,0,0,0,FALSE,FALSE,NA,642.80438232421875,88937.5546875,1.2497248649597168,0.17237348376913184,24403.916015625,57.98970988272061,5.080670605310682
Calatagan,401008000,401000000,400000000,106.23625371289354,0,0,0,FALSE,FALSE,NA,357.20648193359375,45693.6953125,0.36147913336753845,0.3138904304901231,16794.359375,59.83874247776691,2.4337728443797357
Cuenca,401009000,401000000,400000000,30.263973357113837,0,0,0,FALSE,FALSE,NA,1160.7877197265625,42309.1953125,0.6015591025352478,0.5399923010789852,35124.4375,66.77018482371767,0.773135112614048
Ibaan,401010000,401000000,400000000,70.3149281914556,0,0,0,FALSE,FALSE,NA,741.4930419921875,62769.69140625,0.7497095465660095,0.6667113827699306,32092.513671875,77.38819806796586,0.4001403578856119
Laurel,401011000,401000000,400000000,73.97411788790576,0,0,0,FALSE,FALSE,NA,442.6518859863281,39457.7109375,0.7726073861122131,0.49678892435067545,16942.09765625,49.15738723188552,4.092253659680094
Lemery,401012000,401000000,400000000,72.1058468501605,0,0,0,FALSE,FALSE,NA,976.61761474609375,84827.984375,0.7161390781402588,0.35972308827515875,34853.078125,59.854254223147755,0.14715528107093667
Lian,401013000,401000000,400000000,83.40611529298495,0,0,0,FALSE,FALSE,NA,381.0923767089844,38293.91015625,0.38145795464515686,0.1313221995157703,15854.9384765625,60.7344851018088,0.2870487367153052
City of Lipa,401014000,401000000,400000000,191.26743375997697,0,0,0,FALSE,FALSE,NA,1611.44189453125,371252.96875,2.1778292655944824,1.2003978558187538,56411.78125,65.0129133066649,0.5626832842367424
Lobo,401015000,401000000,400000000,192.02484530655158,0,0,0,FALSE,FALSE,NA,132.72010803222656,30662.359375,0.03480751812458038,0.0935722232946896,5051.13818359375,69.68172950739628,5.50782556839538
Mabini,401016000,401000000,400000000,39.71762680425992,0,0,0,FALSE,FALSE,NA,1042.2474365234375,49818.17578125,1.0517032146453857,0.4333741475496374,35143.78125,66.66567391516098,11.871339369108517
Malvar,401017000,401000000,400000000,34.401171569155885,1,1,429.9686,TRUE,FALSE,1996,1471.6683349609375,61005.6484375,2.8039493560791016,1.7689689713369903,50705.1171875,54.432183788901106,0.3923542533967473
Mataasnakahoy,401018000,401000000,400000000,19.329643864538966,0,0,0,FALSE,FALSE,NA,1442.002197265625,33579.44921875,0.6134957671165466,0.510383270848443,39919.28515625,59.61399566385731,4.467683144131999
Nasugbu,401019000,401000000,400000000,266.32104381102755,0,0,0,FALSE,FALSE,NA,466.2590026855469,149672.359375,0.3419913351535797,0.10953666508885089,9974.9130859375,47.74430858162824,2.937377313694199
Padre Garcia,401020000,401000000,400000000,39.27822215080718,0,0,0,FALSE,FALSE,NA,1082.6484375,51207.125,1.1047979593276978,0.9101158670893449,46238.2109375,74.07880909818472,1.3648054821117035
Rosario,401021000,401000000,400000000,199.0116180319195,0,0,0,FALSE,FALSE,NA,585.64178466796875,140304.8125,0.43709778785705566,0.20722099648176087,22829.107421875,77.61115893144594,3.522858554388317
San Jose,401022000,401000000,400000000,58.2306151544844,0,0,0,FALSE,FALSE,NA,1380.6771240234375,96816.2421875,1.0217843055725098,0.820811963035481,61076.0703125,70.14256018795587,1.025942845553057
San Juan,401023000,401000000,400000000,237.55371115295844,0,0,0,FALSE,FALSE,NA,404.803955078125,115737.3984375,0.22692610323429108,0.1005293233412065,11902.7939453125,64.39959788915272,7.533594208976606
San Luis,401024000,401000000,400000000,37.69068820659695,0,0,0,FALSE,FALSE,NA,652.66741943359375,29617.83203125,0.38441231846809387,0.40732268664478266,32437.931640625,73.15114234692003,5.16688808794835
San Nicolas,401025000,401000000,400000000,21.326064868842252,0,0,0,FALSE,FALSE,NA,908.43048095703125,23322.87109375,0.3997327983379364,0.4565136955828795,26013.02734375,59.42556908270621,8.800178200441419
San Pascual,401026000,401000000,400000000,35.25910545905963,0,0,0,FALSE,FALSE,NA,1542.31591796875,65469.58203125,2.4367196559906006,0.8867894273292899,64118.35546875,76.24339072293517,1.700234976368294
Santa Teresita,401027000,401000000,400000000,15.366226923803671,0,0,0,FALSE,FALSE,NA,1117.4263916015625,20677.150390625,0.9176028370857239,0.7465779108688124,35665.984375,68.73220986544733,0.2891309389975393
City of Sto. Tomas,401028000,401000000,400000000,89.00809343701037,1,2,202.3099,TRUE,FALSE,1995,1494.4610595703125,160316.6875,2.8043549060821533,1.520769410099571,49780.0625,51.04278430242789,0.7935466946185568
Taal,401029000,401000000,400000000,27.05541828024568,0,0,0,FALSE,FALSE,NA,1571.771484375,51211.12890625,2.052382707595825,1.392434212885435,67603.453125,67.44148372337372,0.10954231988383176
Talisay,401030000,401000000,400000000,59.19821681174969,0,0,0,FALSE,FALSE,NA,618.003173828125,44095.62890625,0.8433318138122559,0.7118780050015439,15730.087890625,46.03463131592047,0.032341350675762444
City of Tanauan,401031000,401000000,400000000,112.06948600234186,1,1,331.8502,TRUE,FALSE,1998,1476.0262451171875,199322.75,2.013200044631958,1.0165952499336925,47054.37890625,46.60565888520551,0.6518130401679896
Taysan,401032000,401000000,400000000,92.53438063538538,0,0,0,FALSE,FALSE,NA,383.48150634765625,42709.0546875,0.41979411244392395,0.20755835241306742,16186.25,78.37501172529014,2.9741340283026942
Tingloy,401033000,401000000,400000000,32.57910739368308,0,0,0,FALSE,FALSE,NA,211.4203338623047,8286.529296875,0,0,8049.4833984375,57.70520813294369,15.722830827573045
Tuy,401034000,401000000,400000000,93.53449592247777,0,0,0,FALSE,FALSE,NA,376.56024169921875,42440.3359375,0.27498140931129456,0.18601104693451978,12112.701171875,54.65432003734776,1.355470245727778
Alfonso,402101000,402100000,400000000,70.2461218689336,0,0,0,FALSE,FALSE,NA,653.510009765625,55337.53515625,0.800442636013031,0.716019675592944,25119.888671875,42.262844823937755,3.0580564258741973
Amadeo,402102000,402100000,400000000,35.922503956008946,0,0,0,FALSE,FALSE,NA,765.5731201171875,33159.8359375,1.241237998008728,1.0330432880321472,34459.39453125,35.18987373458389,1.6402781011011187
City of Bacoor,402103000,402100000,400000000,49.00627080629453,0,0,0,FALSE,FALSE,NA,14296.6875,845509,12.45820426940918,12.45624776695191,190992.78125,11.506202045195618,0.4736377863834933
City of Carmona,402104000,402100000,400000000,24.11768763184657,1,3,150.80275,TRUE,FALSE,1998,5471.78271484375,159204.859375,7.850780010223389,6.688938292129192,112376.0703125,22.92386415401428,0.9280492365711532
City of Cavite,402105000,402100000,400000000,11.86631833540472,0,0,0,FALSE,FALSE,NA,4107.09033203125,58827.52734375,2.877371311187744,1.214574126291144,88046.125,18.348121373146444,10.66386484969316
City of Dasmariñas,402106000,402100000,400000000,90.09325257790489,1,1,71.7723,TRUE,FALSE,1974,6235.76318359375,677789.5,7.340709209442139,6.819353982404651,115248.953125,21.17585801431749,1.4591702796999844
General Emilio Aguinaldo,402107000,402100000,400000000,40.660711920492794,0,0,0,FALSE,FALSE,NA,371.13201904296875,18195.345703125,0.1992773413658142,0.2542748905558333,14211.7919921875,36.67117006032069,0.8469613996645229
City of General Trias,402108000,402100000,400000000,87.45832679723884,1,1,110.0525,TRUE,FALSE,1995,3312.41748046875,349522.625,5.897150039672852,5.03690214579658,85587.0859375,19.14877556325535,3.446374516415757
City of Imus,402109000,402100000,400000000,50.374107429642336,1,6,29481.7799,TRUE,FALSE,2002,8312.146484375,505347.96875,10.202621459960938,9.466128125115587,156361.234375,11.447233681399474,0.515300345138709
Indang,402110000,402100000,400000000,88.99441299248632,0,0,0,FALSE,FALSE,NA,677.6395263671875,72718.2578125,0.5935912728309631,0.5655506761377519,22811.515625,33.831713082574936,1.4227930003287335
Kawit,402111000,402100000,400000000,15.954985149506145,0,0,0,FALSE,FALSE,NA,6069.06689453125,116591.328125,6.166398525238037,5.9019599189370915,108929.6640625,6.44771815171884,0.11393988694470449
Magallanes,402112000,402100000,400000000,65.86874117251114,0,0,0,FALSE,FALSE,NA,384.1809387207031,30509.642578125,0.30439823865890503,0.1686066185093163,9354.095703125,40.481632780191134,1.2258810598108045
Maragondon,402113000,402100000,400000000,141.5703356146713,0,0,0,FALSE,FALSE,NA,240.30067443847656,41027.59375,0.1803121715784073,0.1315053056588183,6042.984375,34.88044534712806,5.090769658653304
Mendez,402114000,402100000,400000000,14.68321195875349,0,0,0,FALSE,FALSE,NA,1807.3890380859375,31992.0390625,1.630262017250061,1.1945926432303275,53528.5625,40.39007808848647,0.5659083069458561
Naic,402115000,402100000,400000000,70.91691175221565,0,0,0,FALSE,FALSE,NA,951.25445556640625,81375.859375,1.0597476959228516,0.8341222438754157,31874.392578125,25.313528813073944,1.751206264604707
Noveleta,402116000,402100000,400000000,5.154744857547957,0,0,0,FALSE,FALSE,NA,6722.8369140625,41831.4140625,4.859121799468994,4.069317423876405,158984.765625,7.083332681292145,1.5528970293366737
Rosario,402117000,402100000,400000000,7.9995094086056815,1,5,403.7916,TRUE,TRUE,1984,6869.58251953125,66327.59375,15.381560325622559,15.804412539857072,285798.3125,10.050188640554033,1.6819948871698283
Silang,402118000,402100000,400000000,143.46819084993547,1,2,70.38340000000001,TRUE,FALSE,1997,1433.3663330078125,247993.515625,2.9925248622894287,2.0343840703889584,44697.41796875,32.35515194345153,1.3757144297610937
City of Tagaytay,402119000,402100000,400000000,54.785950357750906,0,0,0,FALSE,FALSE,NA,933.30120849609375,61636.046875,4.163447380065918,3.027306548408663,49939.7578125,42.322401241646084,0.6218789220803851
Tanza,402120000,402100000,400000000,74.52729160432052,1,1,116.2244,TRUE,FALSE,2013,2921.01220703125,262678.28125,2.8204452991485596,2.0254168399353114,59206.76953125,17.824255294035392,2.459953784977651
Ternate,402121000,402100000,400000000,46.51420641995332,0,0,0,FALSE,FALSE,NA,217.38381958007812,12196.0556640625,0.29135075211524963,0.12175256178069838,9577.7724609375,35.65520913303769,0.6176243525983482
City of Trece Martires,402122000,402100000,400000000,46.1524433315323,0,0,0,FALSE,FALSE,NA,2975.505615234375,165652.015625,2.524000883102417,1.951879185920836,67031.015625,24.524667207354803,0.10971407727503704
Gen. Mariano Alvarez,402123000,402100000,400000000,8.722963540580892,0,0,0,FALSE,FALSE,NA,10032.400390625,105578.6328125,5.8157830238342285,5.309673994376147,170753.25,21.963617744032966,1.3027826322158058
Alaminos,403401000,403400000,400000000,59.68587572270952,0,0,0,FALSE,FALSE,NA,776.57470703125,55854.1953125,0.7380546927452087,0.6130844259891667,16089.34765625,57.03739640045117,0.49020866887425024
Bay,403402000,403400000,400000000,38.38230265747191,0,0,0,FALSE,FALSE,NA,1561.74462890625,72265.3203125,1.3697972297668457,0.947937228291959,27465.123046875,47.940734939641885,3.46761055385519
City of Biñan,403403000,403400000,400000000,37.597210313770354,1,4,678.7754,TRUE,FALSE,1993,6971.58056640625,315667.5,15.233465194702148,14.379452924472451,180520.5625,22.914881567141602,0.46753395602505265
City of Cabuyao,403404000,403400000,400000000,47.3048288672141,1,2,136.3436,TRUE,FALSE,1992,7727.26123046875,440862,7.0631489753723145,4.661398731319523,107461.6640625,31.412816059615427,0.1434482547810601
City of Calamba,403405000,403400000,400000000,139.3066697615501,1,8,577.977371,TRUE,FALSE,1993,2944.2822265625,494465.3125,7.462292671203613,5.056558642105572,80744.171875,37.16782388058286,1.7504589411135527
Calauan,403406000,403400000,400000000,74.93940253911813,0,0,0,FALSE,FALSE,NA,2153.23388671875,194520.5625,0.6761029958724976,0.6057599002287442,15560.94921875,51.16924711803657,1.1314770670556769
Cavinti,403407000,403400000,400000000,116.22964740087671,0,0,0,FALSE,FALSE,NA,163.5571746826172,22924.888671875,0.07980021834373474,0.14043272775415708,2705.89013671875,64.36529326874118,5.612518100471856
Famy,403408000,403400000,400000000,33.4278817387725,0,0,0,FALSE,FALSE,NA,360.73681640625,14558.0654296875,0.1967867910861969,0.17574652957828865,5342.056640625,49.05735751509775,1.3927219358374403
Kalayaan,403409000,403400000,400000000,53.570939106318015,0,0,0,FALSE,FALSE,NA,319.1385803222656,20626.38671875,0.3945671319961548,0.19596521511827772,4364.30224609375,58.51902463185387,5.318499585124109
Liliw,403410000,403400000,400000000,42.83689398974448,0,0,0,FALSE,FALSE,NA,760.3516845703125,39264.52734375,0.3379298150539398,0.26021973749751776,12457.1005859375,60.551313610922705,9.069727401894266
Los Baños,403411000,403400000,400000000,55.6018181323753,0,0,0,FALSE,FALSE,NA,1549.2880859375,103855.1171875,1.579566240310669,0.9357444917105077,39295.04296875,45.078204459274744,2.4223879379608033
Luisiana,403412000,403400000,400000000,74.92247856538643,0,0,0,FALSE,FALSE,NA,272.43670654296875,24610.53125,0.09060878306627274,0.10463350878553236,5294.751953125,65.24590991137885,1.5167499485717275
Lumban,403413000,403400000,400000000,83.32137320771822,0,0,0,FALSE,FALSE,NA,392.8025207519531,39460.67578125,0.32843708992004395,0.16766589870340667,5129.39599609375,58.304015778526455,4.861470448764029
Mabitac,403414000,403400000,400000000,47.65877244144634,0,0,0,FALSE,FALSE,NA,336.0372619628906,19173.2421875,0.2767001688480377,0.23660470776478446,4768.9697265625,42.11319754667182,1.2085552012780423
Magdalena,403415000,403400000,400000000,32.577321866869404,0,0,0,FALSE,FALSE,NA,911.23095703125,35795.84765625,0.40648218989372253,0.3967444109668274,11303.568359375,55.92895958860949,6.0369230450094316
Majayjay,403416000,403400000,400000000,60.32476817272136,0,0,0,FALSE,FALSE,NA,524.0740966796875,38110.6328125,0.19378992915153503,0.17397938405971686,6056.35791015625,64.31246955677132,5.632605531751964
Nagcarlan,403417000,403400000,400000000,75.42438807810245,0,0,0,FALSE,FALSE,NA,756.069580078125,68743.3203125,0.2331887185573578,0.20915449063595282,11478.4736328125,58.62276643636376,7.926938320982685
Paete,403418000,403400000,400000000,48.49173612501346,0,0,0,FALSE,FALSE,NA,241.2508544921875,14110.052734375,0.10974534600973129,0.1719357805750524,3412.918212890625,57.45988104572923,5.949992805372043
Pagsanjan,403419000,403400000,400000000,28.216639561485295,0,0,0,FALSE,FALSE,NA,1502.4892578125,51131.609375,1.258571982383728,0.7593932475581452,23115.5859375,54.259330229088555,1.8017188858027682
Pakil,403420000,403400000,400000000,47.444455555724026,0,0,0,FALSE,FALSE,NA,428.9555358886719,24548.498046875,0.1322164535522461,0.15059002289975185,5494.1162109375,48.07423406990653,2.897526592631449
Pangil,403421000,403400000,400000000,50.17735034971092,0,0,0,FALSE,FALSE,NA,465.7509765625,28206.623046875,0.1268516331911087,0.14703312058967882,4804.58056640625,51.36279003262079,2.559249364994916
Pila,403422000,403400000,400000000,25.612442274862232,0,0,0,FALSE,FALSE,NA,1637.7601318359375,50587.13671875,0.9093591570854187,0.7123739578419767,34140.484375,48.26801404729292,0.26991248547586144
Rizal,403423000,403400000,400000000,23.31024565871502,0,0,0,FALSE,FALSE,NA,556.29766845703125,15629.3056640625,0.2877655625343323,0.23002145283953154,10039.576171875,61.66392954231902,8.407065547613247
City of San Pablo,403424000,403400000,400000000,186.35743286781198,0,0,0,FALSE,FALSE,NA,1292.6632080078125,290295.3125,0.9304494857788086,0.5765259197921955,27464.865234375,60.7591066306677,0.7028950698354511
City of San Pedro,403425000,403400000,400000000,24.112698478751884,0,0,0,FALSE,FALSE,NA,11142.935546875,324209.8125,10.727770805358887,9.505221762714601,217422.234375,17.771564149831253,0.6388566696525396
Santa Cruz,403426000,403400000,400000000,37.1441759137861,0,0,0,FALSE,FALSE,NA,3056.626708984375,136582.125,1.5671788454055786,1.0534257030771288,51490.0859375,49.465114166846504,0.10810647682237141
Santa Maria,403427000,403400000,400000000,108.93835157945651,0,0,0,FALSE,FALSE,NA,206.97415161132812,27224.638671875,0.07011737674474716,0.15719818305223923,3534.51171875,43.77166760687744,3.6869076066636457
City of Santa Rosa,403428000,403400000,400000000,56.1969785724912,1,2,147.61790000000002,TRUE,FALSE,1995,5391.48486328125,365473.21875,12.696710586547852,11.017102100479457,133153.296875,27.299103870866645,0.33221840317551643
Siniloan,403429000,403400000,400000000,54.565730846439486,0,0,0,FALSE,FALSE,NA,642.83660888671875,42345.9609375,0.23621529340744019,0.13642249731883987,6450.56591796875,51.29674467405877,0.0763559282695002
Victoria,403430000,403400000,400000000,29.31760608295296,0,0,0,FALSE,FALSE,NA,1481.114501953125,52360.3203125,0.5483031868934631,0.48550473045868775,23597.900390625,47.689833919076044,1.08588399858021
Agdangan,405601000,405600000,400000000,35.59279027198663,0,0,0,FALSE,FALSE,NA,284.77313232421875,12202.525390625,0.09540824592113495,0.10566880206343038,5740.6748046875,58.808819379994596,1.3119262349032326
Alabat,405602000,405600000,400000000,60.42978936804617,0,0,0,FALSE,FALSE,NA,222.70994567871094,16218.154296875,0.03266671299934387,0.12869906722477908,3592.312255859375,86.61640096628494,16.252124116412524
Atimonan,405603000,405600000,400000000,221.33142183667087,0,0,0,FALSE,FALSE,NA,238.94943237304688,63701.62890625,0.15007323026657104,0.10255632588519627,2653.13916015625,69.37624005146222,0.8430629444502069
Buenavista,405605000,405600000,400000000,171.4332060004891,0,0,0,FALSE,FALSE,NA,223.64891052246094,46116.6484375,0.010733380913734436,0.0733423247526173,1762.867919921875,73.23948840581099,2.3226990459818766
Burdeos,405606000,405600000,400000000,234.46568622286173,0,0,0,FALSE,FALSE,NA,60.710418701171875,17213.232421875,4.043657972943038e-4,0.04301318666891198,861.59112548828125,105.29329422325452,35.84598337978937
Calauag,405607000,405600000,400000000,312.6587193689854,0,0,0,FALSE,FALSE,NA,150.5568084716797,56700.44140625,0.0843018889427185,0.08839530102502391,1839.67333984375,76.06911255459096,6.57545810731844
Candelaria,405608000,405600000,400000000,136.7487042023082,0,0,0,FALSE,FALSE,NA,725.81268310546875,119546.0390625,0.5238178968429565,0.21890738641110832,21169.6796875,76.81485230748225,0.7269229298660743
Catanauan,405610000,405600000,400000000,253.45437105115417,0,0,0,FALSE,FALSE,NA,188.93927001953125,57581.83203125,0.04848518222570419,0.06808243682825033,2743.790771484375,61.6362280230982,3.2615942857670683
Dolores,405615000,405600000,400000000,65.96657774471339,0,0,0,FALSE,FALSE,NA,414.0088806152344,32905.33203125,0.16523291170597076,0.15183868149161328,8053.59375,68.86247410940398,7.044589431175911
General Luna,405616000,405600000,400000000,100.09730270474519,0,0,0,FALSE,FALSE,NA,223.24984741210938,26878.33203125,0.03828109800815582,0.06737819698826351,2651.379638671875,56.905583452763665,2.356395882484307
General Nakar,405617000,405600000,400000000,1321.9656389178049,0,0,0,FALSE,FALSE,NA,22.987239837646484,36752.6328125,0.001445598783902824,0.07010222353787433,130.6392059326172,63.02866725622645,23.984510965651623
Guinayangan,405618000,405600000,400000000,225.84102065505022,0,0,0,FALSE,FALSE,NA,160.27967834472656,43569.8984375,0.04335445538163185,0.08045867353996969,2015.556640625,64.6790949653297,10.627267526495679
Gumaca,405619000,405600000,400000000,185.32722100720923,0,0,0,FALSE,FALSE,NA,352.3086242675781,78597.15625,0.14948424696922302,0.09700519952015745,3347.329833984375,65.5327657060262,1.4955656423892836
Infanta,405620000,405600000,400000000,172.26592757133415,0,0,0,FALSE,FALSE,NA,380.92498779296875,79269.125,0.06670551002025604,0.08063821562320764,4341.85302734375,63.751256680427176,1.6390505569558234
Jomalig,405621000,405600000,400000000,51.887502909785475,0,0,0,FALSE,FALSE,NA,120.51734924316406,7553.17919921875,0,0,698.9541015625,90.76800894726706,53.58761180821103
Lopez,405622000,405600000,400000000,377.45823865607275,0,0,0,FALSE,FALSE,NA,230.71890258789062,104802.2890625,0.062189970165491104,0.06527339167076822,2383.638916015625,73.28472731320733,3.9690565409180767
Lucban,405623000,405600000,400000000,138.24795949869772,0,0,0,FALSE,FALSE,NA,330.7002868652344,55104.44140625,0.10185213387012482,0.13556048192564904,6016.912109375,73.84040686019758,1.0429591251657613
Macalelon,405625000,405600000,400000000,104.04603475175936,0,0,0,FALSE,FALSE,NA,224.7146453857422,28130.091796875,0.043181389570236206,0.05805812897350094,2260.921630859375,58.89236946036021,2.5482663600628603
Mauban,405627000,405600000,400000000,409.62308002799773,0,0,0,FALSE,FALSE,NA,142.39002990722656,70333.5234375,0.11070152372121811,0.08423017488421865,1486.548095703125,79.99221419492103,4.319042063383675
Mulanay,405628000,405600000,400000000,276.36280402436427,0,0,0,FALSE,FALSE,NA,168.81446838378906,56064.99609375,0.01790270023047924,0.09880592617551737,1759.1905517578125,70.78133236821095,4.658611937500039
Padre Burgos,405629000,405600000,400000000,75.7116597959802,0,0,0,FALSE,FALSE,NA,197.7019500732422,18024.55859375,0.04135747626423836,0.10321634450006296,4409.8759765625,62.681070385953575,2.0021715370237874
Pagbilao,405630000,405600000,400000000,175.23857069035614,0,0,0,FALSE,FALSE,NA,365.5581970214844,77140.4140625,0.6910819411277771,0.13155253424000507,7190.61181640625,69.51929386482396,0.6087101522062606
Panukulan,405631000,405600000,400000000,210.30551729274308,0,0,0,FALSE,FALSE,NA,47.691688537597656,12133.083984375,0.0029314374551177025,0.05059973866578132,574.41302490234375,93.03711550846806,34.37290256422651
Patnanungan,405632000,405600000,400000000,95.96640001882619,0,0,0,FALSE,FALSE,NA,92.29326629638672,10703.302734375,0.0036631301045417786,0.07058281361074854,774.055908203125,112.99646577301871,50.92109906364303
Perez,405633000,405600000,400000000,52.43747586562961,0,0,0,FALSE,FALSE,NA,184.32508850097656,11651.2001953125,0.018172290176153183,0.08209196311506037,2419.070556640625,91.54214341048966,19.996344642886225
Pitogo,405634000,405600000,400000000,79.52823542444668,0,0,0,FALSE,FALSE,NA,221.5547332763672,21204.771484375,0.04372614994645119,0.08543094987732983,2333.105224609375,57.357947287441995,0.9238067953328843
Plaridel,405635000,405600000,400000000,18.448655898756414,0,0,0,FALSE,FALSE,NA,422.2071838378906,9379.56640625,0.26234763860702515,0.15385329827267827,6084.56103515625,67.31721860111423,1.7626587579776558
Polillo,405636000,405600000,400000000,235.07514259151475,0,0,0,FALSE,FALSE,NA,72.61668395996094,20627.884765625,0.010878916829824448,0.06334655448818184,1132.5540771484375,103.72830381949682,25.06981019828176
Quezon,405637000,405600000,400000000,75.73274205870914,0,0,0,FALSE,FALSE,NA,99.01941680908203,9033.94140625,0.013900409452617168,0.08146703484130965,1818.487548828125,83.30849926709509,13.95304812541354
Real,405638000,405600000,400000000,350.77612145060533,0,0,0,FALSE,FALSE,NA,83.09647369384766,35193.54296875,0.01288615819066763,0.051116102899741535,715.9056396484375,60.58760831398399,2.208889180914636
Sampaloc,405639000,405600000,400000000,81.35912072618956,0,0,0,FALSE,FALSE,NA,115.00444793701172,11280.8232421875,0.0299326553940773,0.07600593088914896,1814.1549072265625,75.26482645218363,2.4082393445706383
San Andres,405640000,405600000,400000000,175.65349614276735,0,0,0,FALSE,FALSE,NA,204.37789916992188,43101.59375,0.013261091895401478,0.06706096094433195,1658.3326416015625,73.00940165447746,33.0107226673971
San Antonio,405641000,405600000,400000000,62.3755039003218,0,0,0,FALSE,FALSE,NA,508.7368469238281,38215.7578125,0.35330498218536377,0.3711292252560922,17090.87109375,73.54049272950809,0.14007707996200958
San Francisco,405642000,405600000,400000000,316.39454299692085,0,0,0,FALSE,FALSE,NA,170.4578399658203,64743.8203125,0.01255659107118845,0.07237872946185084,1572.4466552734375,81.14448189163889,31.643207934958934
San Narciso,405644000,405600000,400000000,242.83900487363215,0,0,0,FALSE,FALSE,NA,203.9796905517578,59529.6328125,0.014324378222227097,0.06912062482881007,1692.073974609375,79.62638096094142,6.989473141209349
Sariaya,405645000,405600000,400000000,213.8133387933512,0,0,0,FALSE,FALSE,NA,708.0048828125,182317.3125,0.5047526955604553,0.1918446387128877,14049.5869140625,71.97786922729102,1.6964701248333323
Tagkawayan,405646000,405600000,400000000,552.0725602087443,0,0,0,FALSE,FALSE,NA,87.686248779296875,58292.79296875,0.028380420058965683,0.07108769650172421,1240.1927490234375,49.02959165762367,2.137105074075865
City of Tayabas,405647000,405600000,400000000,224.92895204149363,0,0,0,FALSE,FALSE,NA,394.86004638671875,107013.4140625,0.3022630214691162,0.10338546559858826,6677.82080078125,78.19338576130805,2.5100602536721373
Tiaong,405648000,405600000,400000000,119.3916082740528,0,0,0,FALSE,FALSE,NA,761.93133544921875,109570.3046875,0.5064195990562439,0.2921713910342342,20541.091796875,71.5322310273989,1.4592645966132443
Unisan,405649000,405600000,400000000,107.44639006631924,0,0,0,FALSE,FALSE,NA,207.85400390625,26884.34375,0.06335876882076263,0.0712486302660957,2506.11669921875,58.46353672394728,2.963078713757769
Angono,405801000,405800000,400000000,14.592165101572855,0,0,0,FALSE,FALSE,NA,3852.664306640625,67892.1875,7.394852161407471,6.973140412859727,113483.921875,16.428801813433232,1.745277835675045
City of Antipolo,405802000,405800000,400000000,263.4722911124161,0,0,0,FALSE,FALSE,NA,2645.8720703125,842290.25,2.3168365955352783,0.5818710220098452,41014.69921875,28.434532152927318,2.4181247157734016
Baras,405803000,405800000,400000000,53.98742657489541,0,0,0,FALSE,FALSE,NA,570.214111328125,37182.00390625,1.0710463523864746,0.9290521455581389,15993.541015625,28.654977886511254,4.1387920789181685
Binangonan,405804000,405800000,400000000,53.63399183123595,0,0,0,FALSE,FALSE,NA,3946.39013671875,255512.78125,2.9500443935394287,2.351841911995326,66156.453125,20.44177402188082,1.9946114362206646
Cainta,405805000,405800000,400000000,21.006804393972104,0,0,0,FALSE,FALSE,NA,16415.7578125,416537.875,14.255329132080078,12.339158283805823,284110.6875,13.609739500768958,0.1544913315131292
Cardona,405806000,405800000,400000000,24.10179451124125,0,0,0,FALSE,FALSE,NA,1233.1334228515625,35868.8359375,1.3569859266281128,0.4100831579557558,18427.8203125,25.465919774841964,7.717833657103905
Jala-Jala,405807000,405800000,400000000,43.65293936573981,0,0,0,FALSE,FALSE,NA,534.9044189453125,28173.2109375,0.2444339245557785,0.2297383833578312,7978.15087890625,38.96851202207369,10.92371111878012
Rodriguez,405808000,405800000,400000000,235.00033347393514,0,0,0,FALSE,FALSE,NA,2168.428466796875,616027,0.7793878316879272,0.27825569549648793,20042.833984375,36.209832560829476,9.35952617813771
Morong,405809000,405800000,400000000,34.60144426683905,0,0,0,FALSE,FALSE,NA,1286.4061279296875,53732.8125,1.5190223455429077,1.4541278946826492,27206.6953125,23.748544577663445,0.8524314984852629
Pililla,405810000,405800000,400000000,66.60473696542994,0,0,0,FALSE,FALSE,NA,766.5406494140625,61631.85546875,0.5743786096572876,0.48447230346573794,10874.1435546875,35.371924029014956,0.5771622235869853
San Mateo,405811000,405800000,400000000,57.49948529307411,0,0,0,FALSE,FALSE,NA,4023.281982421875,279550.53125,2.738715887069702,1.543263918232244,62193.91796875,24.543439946372303,4.2263860585298465
Tanay,405812000,405800000,400000000,283.79472544714287,0,0,0,FALSE,FALSE,NA,342.8382568359375,117528.8046875,0.2459496110677719,0.18590030695308288,4430.78759765625,38.05227395367484,0.9947243538504597
Taytay,405813000,405800000,400000000,28.468821458993947,0,0,0,FALSE,FALSE,NA,8672.251953125,294758.71875,11.413835525512695,10.166194928143518,172382.40625,13.347625521288661,0.3185788406642981
Teresa,405814000,405800000,400000000,19.580974264463098,0,0,0,FALSE,FALSE,NA,2287.904052734375,54106.78515625,2.7260231971740723,2.2813158007436303,44689.390625,22.266787303694674,0.7958493747786503
Bacacay,500501000,500500000,500000000,119.18187781991328,0,0,0,FALSE,FALSE,NA,483.99407958984375,69131.609375,0.11805838346481323,0.10479392597972059,6728.85400390625,26.548588011372814,9.443562620686713
Camalig,500502000,500500000,500000000,131.9392973673468,0,0,0,FALSE,FALSE,NA,465.5730895996094,73600.140625,0.17693433165550232,0.12368833244223715,7316.99072265625,5.260973533442069,4.251964741174808
Daraga,500503000,500500000,500000000,124.29611707201043,0,0,0,FALSE,FALSE,NA,854.99810791015625,127309.2109375,0.5184909105300903,0.22174665390504658,15297.5498046875,1.3449557402961128,1.0683149090657669
Guinobatan,500504000,500500000,500000000,175.89895693342777,0,0,0,FALSE,FALSE,NA,382.8050537109375,80696.3203125,0.16702201962471008,0.14124704310500408,6725.97802734375,12.776311144352976,3.0850481958512996
Jovellar,500505000,500500000,500000000,80.73586152512422,0,0,0,FALSE,FALSE,NA,145.8367462158203,14103.564453125,0.015618368983268738,0.08009547249422755,1306.796142578125,12.40415526594894,12.204335616246398
City of Legazpi,500506000,500500000,500000000,158.1663527994641,0,0,0,FALSE,FALSE,NA,1032.26123046875,195555.28125,1.0314923524856567,0.1529869922369227,21743.53515625,8.405333281678748,1.0915122919626947
Libon,500507000,500500000,500000000,224.0679915640333,0,0,0,FALSE,FALSE,NA,294.3597106933594,79002.765625,0.06530886143445969,0.08741698003346815,3768.08056640625,36.31994316175438,0.18119909340223836
City of Ligao,500508000,500500000,500000000,247.50210324941202,0,0,0,FALSE,FALSE,NA,378.00030517578125,112138.1328125,0.21587251126766205,0.10844453349202421,6779.74658203125,21.05682886748108,3.6006430599293058
Malilipot,500509000,500500000,500000000,43.508323872939194,0,0,0,FALSE,FALSE,NA,774.20709228515625,40379.94140625,0.3134569525718689,0.1895144142882573,12129.5029296875,22.122888583114314,1.6635268226464932
Malinao,500510000,500500000,500000000,109.56158439140195,0,0,0,FALSE,FALSE,NA,417.9104919433594,54912.76171875,0.08161093294620514,0.11653600831762405,7310.53759765625,30.20186781379384,4.440314102289149
Manito,500511000,500500000,500000000,94.43009802843353,0,0,0,FALSE,FALSE,NA,197.2902069091797,22308.564453125,0.022866878658533096,0.10917970150944706,2008.620361328125,22.037243283832876,2.9611061795395535
Oas,500512000,500500000,500000000,244.98712979661684,0,0,0,FALSE,FALSE,NA,229.01724243164062,67254.6640625,0.07731973379850388,0.10467843142777895,4878.32421875,30.282359347356522,6.082532738320236
Pio Duran,500513000,500500000,500000000,140.99133461233774,0,0,0,FALSE,FALSE,NA,249.40847778320312,42130.5390625,0.05105306953191757,0.05006126397643872,2999.61669921875,23.578266462257403,0.6999546260944176
Polangui,500514000,500500000,500000000,123.41007034330863,0,0,0,FALSE,FALSE,NA,629.11279296875,93112.53125,0.2560749053955078,0.15140355269207345,13682.5087890625,30.5513096070158,4.048025080982119
Rapu-Rapu,500515000,500500000,500000000,154.90583762352085,0,0,0,FALSE,FALSE,NA,181.4405517578125,33664.4921875,0.003903517033904791,0.0754494005848581,1007.8103637695312,41.053923557296706,17.63963603453439
Santo Domingo,500516000,500500000,500000000,54.900224565597256,0,0,0,FALSE,FALSE,NA,501.6758728027344,33007.78515625,0.3905118405818939,0.18941054928222892,9260.259765625,17.118755195132724,0.05698459501550816
City of Tabaco,500517000,500500000,500000000,118.73533228069876,0,0,0,FALSE,FALSE,NA,824.73406982421875,117196.6640625,0.44650450348854065,0.11254399892221065,16138.1455078125,24.561408042110394,2.2720022085701936
Tiwi,500518000,500500000,500000000,127.08643509534357,0,0,0,FALSE,FALSE,NA,315.67584228515625,48132.296875,0.29295751452445984,0.0737452600175746,6282.76123046875,39.323279199391436,3.0699452224121186
Basud,501601000,501600000,500000000,265.83898876908177,0,0,0,FALSE,FALSE,NA,134.8301239013672,43134.66796875,0.032331664115190506,0.09244294771909754,1567.197021484375,15.466399822288535,3.0485391908126527
Capalonga,501602000,501600000,500000000,254.30645602369657,0,0,0,FALSE,FALSE,NA,114.64302825927734,35144.21875,0.027054551988840103,0.06475448530290903,1132.012451171875,54.678674730396494,8.525282142152863
Daet,501603000,501600000,500000000,50.281359125468775,0,0,0,FALSE,FALSE,NA,1602.1292724609375,96985.3984375,1.2449822425842285,0.6796246217012947,35057.83203125,4.225034606952461,0.083998509899781
San Lorenzo Ruiz,501604000,501600000,500000000,90.0663995562172,0,0,0,FALSE,FALSE,NA,107.76317596435547,11682.8779296875,0.00775314262136817,0.06108049817608597,1790.1622314453125,16.94847644534794,5.775914880408576
Jose Panganiban,501605000,501600000,500000000,176.4397659427622,1,1,36.3515,TRUE,FALSE,NA,321.6766052246094,68397.4375,0.084732785820961,0.09320054374369144,2866.11181640625,38.16549842634776,5.111399332356763
Labo,501606000,501600000,500000000,629.1749323764956,0,0,0,FALSE,FALSE,NA,140.56936645507812,106532.84375,0.03819509968161583,0.08520849865187141,1773.7794189453125,31.32492392757003,5.583165132775589
Mercedes,501607000,501600000,500000000,118.16579986803124,0,0,0,FALSE,FALSE,NA,320.49652099609375,45547.265625,0.09773140400648117,0.16732669767408007,3239.90869140625,18.777029123336856,10.577470029761264
Paracale,501608000,501600000,500000000,157.54705602734697,0,0,0,FALSE,FALSE,NA,395.9593811035156,75174.390625,0.07116357237100601,0.09833560340634412,4875.95361328125,26.174302599629733,3.719379616200005
San Vicente,501609000,501600000,500000000,52.06041386718006,0,0,0,FALSE,FALSE,NA,213.09109497070312,13357.333984375,0.06978350132703781,0.08957486097413452,3031.019287109375,13.935818820019175,6.527915445632396
Santa Elena,501610000,501600000,500000000,203.07133355791078,0,0,0,FALSE,FALSE,NA,157.46360778808594,38529.7421875,0.03538397699594498,0.08309637812166654,1915.5576171875,64.19806042259245,0.17296650008207257
Talisay,501611000,501600000,500000000,31.881789979245877,0,0,0,FALSE,FALSE,NA,669.657470703125,25709.2578125,0.32782942056655884,0.32759068274481956,11299.873046875,5.849484940398798,0.5623798189875723
Vinzons,501612000,501600000,500000000,94.21109099344133,0,0,0,FALSE,FALSE,NA,383.3385925292969,43477.640625,0.10831831395626068,0.07175151367301758,5853.13623046875,15.958256191441885,11.862576511173765
Baao,501701000,501700000,500000000,108.19888538069064,0,0,0,FALSE,FALSE,NA,526.42108154296875,68123.828125,0.20123983919620514,0.1278920161125697,8297.6279296875,15.482682720983147,1.6636403668603916
Balatan,501702000,501700000,500000000,58.06332104739998,0,0,0,FALSE,FALSE,NA,480.5312194824219,33476.58203125,0.046517688781023026,0.1049646436289042,4893.2587890625,26.269339575579828,13.24581697985446
Bato,501703000,501700000,500000000,83.78471706260417,0,0,0,FALSE,FALSE,NA,569.44110107421875,57217.65234375,0.11418572813272476,0.10409391844627873,6394.25439453125,29.696439111850243,7.859464630157495
Bombon,501704000,501700000,500000000,30.149133117493665,0,0,0,FALSE,FALSE,NA,434.14044189453125,15726.990234375,0.18650838732719421,0.17330149094051148,9554.6494140625,12.893894948305986,6.871305899627682
Buhi,501705000,501700000,500000000,204.85304161741018,0,0,0,FALSE,FALSE,NA,382.0984191894531,90854.875,0.05964215472340584,0.060793143292365834,5388.140625,31.88332699281227,8.77673998157468
Bula,501706000,501700000,500000000,164.93178971680098,0,0,0,FALSE,FALSE,NA,465.8097839355469,91810.8046875,0.09936732053756714,0.11279546977414849,5552.736328125,14.345412257164604,7.5637956092688965
Cabusao,501707000,501700000,500000000,37.27021008102387,0,0,0,FALSE,FALSE,NA,378.94384765625,16976.68359375,0.14133146405220032,0.12936199097744483,5692.4775390625,27.326366961883505,9.996272065586597
Calabanga,501708000,501700000,500000000,151.6237604865162,0,0,0,FALSE,FALSE,NA,497.2607421875,90594.84375,0.1688854843378067,0.12439601181965926,6681.783203125,13.803166349520492,10.67923497594098
Camaligan,501709000,501700000,500000000,6.175459909316695,0,0,0,FALSE,FALSE,NA,2620.359619140625,19439.654296875,1.7218486070632935,1.1907737492187205,58682.75390625,12.750887724102462,2.7415168244091537
Canaman,501710000,501700000,500000000,42.03294874592478,0,0,0,FALSE,FALSE,NA,907.8756103515625,45848.62890625,0.3092411160469055,0.1955716019412378,15404.064453125,16.229467338527197,6.315281246584438
Caramoan,501711000,501700000,500000000,274.28457260530837,0,0,0,FALSE,FALSE,NA,150.6279296875,49593.921875,0.02657320350408554,0.08176226394276313,1217.606689453125,47.28939736045582,0.8181668341925464
Del Gallego,501712000,501700000,500000000,213.84678487249963,0,0,0,FALSE,FALSE,NA,107.41352081298828,27646.00390625,0.03697165846824646,0.0670233158642118,1224.6727294921875,37.88140747152925,5.9501397964985845
Gainza,501713000,501700000,500000000,15.929367079311,0,0,0,FALSE,FALSE,NA,710.74810791015625,13600.314453125,0.28145599365234375,0.22097945709894096,10670.2880859375,14.857060297815215,3.8116396686665257
Garchitorena,501714000,501700000,500000000,245.47478926695354,0,0,0,FALSE,FALSE,NA,65.06368255615234,19190.19140625,0.003895899746567011,0.08543975117187855,672.8253173828125,50.275737161925385,12.34174100298752
Goa,501715000,501700000,500000000,186.4149979045552,0,0,0,FALSE,FALSE,NA,317.0732421875,71012.390625,0.08402714878320694,0.10150652263412001,3687.550048828125,23.86319095484117,7.079022385780932
City of Iriga,501716000,501700000,500000000,139.38603943109354,0,0,0,FALSE,FALSE,NA,811.36273193359375,135714.0625,0.26011326909065247,0.1382401561080007,13524.00390625,23.398021014996274,3.0952452842878637
Lagonoy,501717000,501700000,500000000,384.9094348336527,0,0,0,FALSE,FALSE,NA,154.50851440429688,71469.6484375,0.02765987254679203,0.09025848431939845,1332.3568115234375,37.333540200608795,8.672774459171132
Libmanan,501718000,501700000,500000000,369.2486743193857,0,0,0,FALSE,FALSE,NA,285.2984924316406,126603.2109375,0.0553862564265728,0.09302784003910382,3480.722900390625,32.76988443732829,3.193344550587702
Lupi,501719000,501700000,500000000,198.6894744194724,0,0,0,FALSE,FALSE,NA,153.9834747314453,36801.09375,0.03385426476597786,0.07031491357632827,1743.2872314453125,32.07453341183295,5.8382185008347305
Magarao,501720000,501700000,500000000,37.896910249739534,0,0,0,FALSE,FALSE,NA,730.9208984375,33282.609375,0.3299296796321869,0.21115357058729803,10440.1552734375,15.05558752299858,6.551779786853955
Milaor,501721000,501700000,500000000,32.906580355140875,0,0,0,FALSE,FALSE,NA,1034.12646484375,40873.8046875,0.9575984477996826,0.57270578673828,17434.34375,8.342155250216097,1.7048981085246693
Minalabac,501722000,501700000,500000000,127.38892717949,0,0,0,FALSE,FALSE,NA,378.6448974609375,57917.1953125,0.08542339503765106,0.09438981225643626,5198.09765625,10.950296674543837,7.9067234230869605
Nabua,501723000,501700000,500000000,86.20739679616973,0,0,0,FALSE,FALSE,NA,908.41650390625,93967.9609375,0.3740301728248596,0.34071963622666385,17491.169921875,22.3154535624555,3.5460668135999205
City of Naga,501724000,501700000,500000000,79.9114320723513,0,0,0,FALSE,FALSE,NA,2355.13037109375,226079.671875,2.7791244983673096,0.9719978697168026,49554.234375,6.552210765325353,3.273130116660029
Ocampo,501725000,501700000,500000000,118.5561603302568,0,0,0,FALSE,FALSE,NA,389.65045166015625,55469.3671875,0.12888981401920319,0.1185478233683125,4948.09765625,12.286688957008478,2.333378681257227
Pamplona,501726000,501700000,500000000,65.7542316130651,0,0,0,FALSE,FALSE,NA,527.7991943359375,41690.11328125,0.20190958678722382,0.15555464680243608,7813.4990234375,21.048239549591774,1.4827850685218413
Pasacao,501727000,501700000,500000000,134.42906655535523,0,0,0,FALSE,FALSE,NA,343.0384216308594,55393.47265625,0.11869937926530838,0.1073907358556004,3528.098876953125,30.22524626679927,7.870994525372546
Pili,501728000,501700000,500000000,123.76526468020359,0,0,0,FALSE,FALSE,NA,700.77783203125,104159.609375,0.7972242832183838,0.4187330826579525,15472.455078125,2.7228932650817477,3.251514680863497
Presentacion,501729000,501700000,500000000,154.88059698566926,0,0,0,FALSE,FALSE,NA,74.23404693603516,13805.9677734375,0.007740268018096685,0.06076325655782078,1059.5247802734375,52.63861582551093,0.45570283204758916
Ragay,501730000,501700000,500000000,379.3704852455121,0,0,0,FALSE,FALSE,NA,136.47366333007812,62286.22265625,0.05330190435051918,0.06540306258180134,1841.6207275390625,36.616659895980504,3.578990604826659
Sagñay,501731000,501700000,500000000,103.18696559493628,0,0,0,FALSE,FALSE,NA,297.3610534667969,36833.625,0.07518753409385681,0.09643983941538463,2859.5654296875,26.92601471650112,0.8605602439553208
San Fernando,501732000,501700000,500000000,84.50819042568764,0,0,0,FALSE,FALSE,NA,470.5562438964844,47753.8046875,0.20158813893795013,0.13615383163820433,6071.064453125,16.95664620516458,3.733077458940556
San Jose,501733000,501700000,500000000,51.684143407010325,0,0,0,FALSE,FALSE,NA,818.8797607421875,50830.66796875,0.24093665182590485,0.1624544608549104,8717.6708984375,32.90332493170602,3.808854480662912
Sipocot,501734000,501700000,500000000,254.0985597588355,0,0,0,FALSE,FALSE,NA,286.856689453125,87646.96875,0.06957649439573288,0.09128896133808796,2972.04296875,37.146682182984534,0.10243509501872158
Siruma,501735000,501700000,500000000,129.32916134853,0,0,0,FALSE,FALSE,NA,71.337982177734375,11099.7822265625,0.009661001153290272,0.06778313807035968,846.15216064453125,36.44454258810563,36.549745840382094
Tigaon,501736000,501700000,500000000,78.03330576838995,0,0,0,FALSE,FALSE,NA,601.12005615234375,56327.8984375,0.22025884687900543,0.1702333428904241,7617.51025390625,21.90850333513119,2.340421753567969
Tinambac,501737000,501700000,500000000,329.6085109630659,0,0,0,FALSE,FALSE,NA,171.67453002929688,68028.5078125,0.018890084698796272,0.06613786749196954,1294.3370361328125,32.67970686915403,22.57677029005307
Bagamanoc,502001000,502000000,500000000,68.49384848409326,0,0,0,FALSE,FALSE,NA,149.6978302001953,12313.6884765625,0.011596868745982647,0.1015424295427537,1986.677490234375,43.169112588689536,0.24476993337523814
Baras,502002000,502000000,500000000,71.36797540202978,0,0,0,FALSE,FALSE,NA,114.60719299316406,9809.669921875,0.01760084740817547,0.10577951008110813,2020.2017822265625,21.556974972092643,6.350682481704691
Bato,502003000,502000000,500000000,52.132789039430044,0,0,0,FALSE,FALSE,NA,349.89471435546875,21871.57421875,0.07203648239374161,0.11815215135745363,5131.962890625,11.639082328565289,1.647921079913968
Caramoran,502004000,502000000,500000000,282.37809316769574,0,0,0,FALSE,FALSE,NA,93.42155456542969,31674.134765625,0.0053401123732328415,0.06728952112644282,1141.070556640625,32.92121199348493,2.7006311716287077
Gigmoto,502005000,502000000,500000000,106.39414281901391,0,0,0,FALSE,FALSE,NA,59.692054748535156,7619.37939453125,0.009203502908349037,0.09042756838967449,812.436767578125,28.470983767830525,9.609868395978797
Pandan,502006000,502000000,500000000,106.39259005430624,0,0,0,FALSE,FALSE,NA,132.34642028808594,16917.32421875,0.02507532574236393,0.07886533080750358,2747.788818359375,50.365739792922454,1.5725011581261596
Panganiban,502007000,502000000,500000000,50.75670613449915,0,0,0,FALSE,FALSE,NA,150.69192504882812,9182.8916015625,0.04062661528587341,0.11540065418279684,3038.603759765625,38.28055393454924,0.20199522836270284
San Andres,502008000,502000000,500000000,179.70707831659803,0,0,0,FALSE,FALSE,NA,159.72848510742188,34438.609375,0.03401736170053482,0.07486091210065941,2852.15234375,14.09734870720012,4.544196068750236
San Miguel,502009000,502000000,500000000,243.63906545376497,0,0,0,FALSE,FALSE,NA,67.298583984375,19670.173828125,0.006042067427188158,0.09834648075969435,736.1282958984375,15.135758730134015,2.217479461608531
Viga,502010000,502000000,500000000,168.7899998477343,0,0,0,FALSE,FALSE,NA,120.62151336669922,24437.3984375,0.012273733504116535,0.11154211099354376,1508.206787109375,31.9617279357637,1.9839631750387143
Virac,502011000,502000000,500000000,134.8039428026866,0,0,0,FALSE,FALSE,NA,404.18975830078125,65344.46875,0.22438891232013702,0.1218902428719182,11404.197265625,3.0262490795475454,1.19964495175051
Aroroy,504101000,504100000,500000000,457.1358041648996,0,0,0,FALSE,FALSE,NA,222.97000122070312,121845.8125,0.22082015872001648,0.09719125022103642,1618.09619140625,32.37365696077387,10.059817173886762
Baleno,504102000,504100000,500000000,155.4044863703896,0,0,0,FALSE,FALSE,NA,156.56838989257812,29079.197265625,0.015736844390630722,0.05140809201019415,1755.6575927734375,17.43882304638125,2.9211939437951346
Balud,504103000,504100000,500000000,210.04531469511437,0,0,0,FALSE,FALSE,NA,155.77011108398438,39053.83203125,0.013402535580098629,0.06823387217299931,2281.218017578125,57.964016206357464,47.70632605964204
Batuan,504104000,504100000,500000000,52.86847046530298,0,0,0,FALSE,FALSE,NA,195.12574768066406,12322.4384765625,0.006114427000284195,0.11822758669746761,1202.6309814453125,14.80987036822455,13.237094021965138
Cataingan,504105000,504100000,500000000,186.10684352678197,0,0,0,FALSE,FALSE,NA,188.97384643554688,41934.29296875,0.04131806269288063,0.07251123219045179,2447.4912109375,54.105429339312444,3.6903194889282105
Cawayan,504106000,504100000,500000000,269.2661093425965,0,0,0,FALSE,FALSE,NA,176.99754333496094,56849.49609375,0.018989967182278633,0.09445809322581122,2126.48583984375,41.258757616481354,17.89663755227805
Claveria,504107000,504100000,500000000,171.14502144041953,0,0,0,FALSE,FALSE,NA,158.5755615234375,32501.64453125,0.004998863209038973,0.04284816400353287,2139.755615234375,56.31412102658974,1.9964557067845659
Dimasalang,504108000,504100000,500000000,81.08349886712143,0,0,0,FALSE,FALSE,NA,268.5832824707031,25985.837890625,0.05197380855679512,0.1053972950617385,2460.4599609375,33.967774020486175,3.6226626890732434
Esperanza,504109000,504100000,500000000,70.49305379194034,0,0,0,FALSE,FALSE,NA,201.91085815429688,16957.890625,0.007944468408823013,0.0775187992722388,1917.735107421875,65.12983660329817,21.167408761909147
Mandaon,504110000,504100000,500000000,322.4197850877616,0,0,0,FALSE,FALSE,NA,120.24101257324219,46309.58984375,0.007794094737619162,0.05442430726076637,1586.9351806640625,38.28397510891148,28.31960672916054
City of Masbate,504111000,504100000,500000000,201.19187028638635,0,0,0,FALSE,FALSE,NA,315.2737731933594,75773.2890625,0.10023969411849976,0.08475453384401656,5347.0830078125,8.046783317830268,0.9318667374505009
Milagros,504112000,504100000,500000000,479.45227388691575,0,0,0,FALSE,FALSE,NA,107.75366973876953,61688.25390625,0.008918287232518196,0.053620750137592765,1575.5140380859375,21.78893272138718,12.708224090927537
Mobo,504113000,504100000,500000000,150.6120721426752,0,0,0,FALSE,FALSE,NA,216.8070526123047,38992.74609375,0.04249000921845436,0.10265909167113213,2248.669921875,11.2175567133096,4.070529504780226
Monreal,504114000,504100000,500000000,89.40204828064074,0,0,0,FALSE,FALSE,NA,290.501220703125,31056.029296875,0.01389530673623085,0.10639103973896438,1862.3779296875,28.819492763100683,22.937852885512854
Palanas,504115000,504100000,500000000,130.95397674409435,0,0,0,FALSE,FALSE,NA,156.6660919189453,24473.46484375,0.02244488336145878,0.0724228852194471,1704.9581298828125,41.92943924935713,5.6901671340486155
Pio V. Corpus,504116000,504100000,500000000,90.77003101290552,0,0,0,FALSE,FALSE,NA,199.28892517089844,21554.884765625,0.009221565909683704,0.0955471067816232,3846.765380859375,60.83316547346953,16.48540268568477
Placer,504117000,504100000,500000000,199.37000578451529,0,0,0,FALSE,FALSE,NA,278.62261962890625,66223.4296875,0.019599229097366333,0.06340082358988136,2435.72412109375,56.70766430165066,13.60354009429353
San Fernando,504118000,504100000,500000000,78.297853731427,0,0,0,FALSE,FALSE,NA,289.8601989746094,27119.37109375,0.0308007150888443,0.08746226958501026,2560.474609375,15.906615424617758,16.605073207307736
San Jacinto,504119000,504100000,500000000,107.86528368694334,0,0,0,FALSE,FALSE,NA,214.2674560546875,27626.89453125,0.03532470017671585,0.08904529826963178,1862.9644775390625,21.82391930874257,22.25709579961307
San Pascual,504120000,504100000,500000000,256.74610146724103,0,0,0,FALSE,FALSE,NA,133.8240509033203,41184.4296875,0,0,1586.2418212890625,63.95682867135991,1.029714914758257
Uson,504121000,504100000,500000000,236.02007983696083,0,0,0,FALSE,FALSE,NA,234.82327270507812,66146.671875,0.02412053570151329,0.08220876748455055,1715.6759033203125,26.145977048665003,3.0893337275043944
Barcelona,506202000,506200000,500000000,59.82036544639573,0,0,0,FALSE,FALSE,NA,280.70281982421875,20078.8046875,0.035290930420160294,0.08623061680255477,3624.257568359375,56.81480753933388,11.240486684972103
Bulan,506203000,506200000,500000000,200.34580330287525,0,0,0,FALSE,FALSE,NA,358.6291809082031,85894.0078125,0.12202690541744232,0.09579222027823575,5706.67919921875,47.379888337584,7.014455776801546
Bulusan,506204000,506200000,500000000,88.88311291496724,0,0,0,FALSE,FALSE,NA,193.93701171875,20606.43359375,0.018380405381321907,0.09828944570493828,2953.873779296875,60.90615588695946,9.773180069881917
Casiguran,506205000,506200000,500000000,88.01378017494902,0,0,0,FALSE,FALSE,NA,281.2567443847656,29607.244140625,0.09353692084550858,0.11234655961042296,4320.7646484375,48.583137948025346,3.0142232712882855
Castilla,506206000,506200000,500000000,195.58020416549505,0,0,0,FALSE,FALSE,NA,253.72621154785156,59387.42578125,0.05813024565577507,0.09807884216371704,4226.306640625,23.45024161559652,2.2735497892907186
Donsol,506207000,506200000,500000000,153.49202340795955,0,0,0,FALSE,FALSE,NA,281.3331604003906,51709.69140625,0.04557275027036667,0.0820674697530594,3024.02734375,18.98755628430751,10.436137692886106
Gubat,506208000,506200000,500000000,103.79554301829597,0,0,0,FALSE,FALSE,NA,457.5960998535156,56815.6875,0.05458648130297661,0.11190185804276533,6211.84521484375,50.92531641509922,6.195705208050763
Irosin,506209000,506200000,500000000,134.72422138606902,0,0,0,FALSE,FALSE,NA,365.65216064453125,58887.125,0.14603185653686523,0.12097496508692983,6326.005859375,57.6861743191426,0.25548586679786944
Juban,506210000,506200000,500000000,122.64896622667268,0,0,0,FALSE,FALSE,NA,217.53018188476562,31906.564453125,0.04238828644156456,0.09570323795221951,3535.615234375,46.44086532788266,2.9001014002154695
Magallanes,506211000,506200000,500000000,111.86844052840995,0,0,0,FALSE,FALSE,NA,223.94180297851562,29963.021484375,0.035564664751291275,0.07866499917480006,2602.48388671875,40.31186716043421,11.946835469143902
Matnog,506212000,506200000,500000000,139.13832528533234,0,0,0,FALSE,FALSE,NA,241.47671508789062,40143.734375,0.06103254854679108,0.1436793771140977,2616.623291015625,50.5006411289648,3.0677183613731427
Pilar,506213000,506200000,500000000,201.69095205499804,0,0,0,FALSE,FALSE,NA,313.36749267578125,75664.265625,0.05059819668531418,0.0818332548942757,3617.93359375,17.834523398494103,2.4228468222854374
Prieto Diaz,506214000,506200000,500000000,56.37061075597843,0,0,0,FALSE,FALSE,NA,301.2458801269531,20320.322265625,0.04054608941078186,0.07040593699574742,4108.47802734375,52.78123191623611,13.15065022160447
Santa Magdalena,506215000,506200000,500000000,52.66857402708625,0,0,0,FALSE,FALSE,NA,269.4562683105469,16959.33984375,0.044194359332323074,0.08921663616250218,3160.609130859375,59.10772838875025,6.098845525153664
City of Sorsogon,506216000,506200000,500000000,282.19842814744857,0,0,0,FALSE,FALSE,NA,434.3814697265625,146717.21875,0.2953742444515228,0.11896110579952617,8618.1923828125,35.53623416657335,3.2240220259472436
Altavas,600401000,600400000,600000000,94.95610453587976,0,0,0,FALSE,FALSE,NA,205.41807556152344,23262.623046875,0.06765508651733398,0.11091851043110602,5957.20361328125,20.503184501649677,2.1572056817182674
Balete,600402000,600400000,600000000,118.41158163884971,0,0,0,FALSE,FALSE,NA,217.19371032714844,30675.34375,0.01279317308217287,0.10213801697624969,4936.2177734375,16.865637819733397,3.140526797183741
Banga,600403000,600400000,600000000,64.542095027136,0,0,0,FALSE,FALSE,NA,671.38836669921875,51699.85546875,0.11529425531625748,0.1248140987844204,17270.59375,10.248282031929193,2.6302386051531688
Batan,600404000,600400000,600000000,83.88975742678869,0,0,0,FALSE,FALSE,NA,281.69866943359375,28188.07421875,0.01733335107564926,0.1057973774736064,8916.564453125,16.951386861601566,3.3969678191416257
Buruanga,600405000,600400000,600000000,69.17261540627,0,0,0,FALSE,FALSE,NA,200.88662719726562,16597.103515625,0.012888304889202118,0.05895920749536382,2538.18798828125,11.134791991659712,11.247927883916894
Ibajay,600406000,600400000,600000000,148.6621069295955,0,0,0,FALSE,FALSE,NA,286.544189453125,50855.453125,0.05383783578872681,0.083267166929183,6448.77685546875,23.670529711729806,4.840448488426553
Kalibo,600407000,600400000,600000000,40.19732721930294,0,0,0,FALSE,FALSE,NA,2044.4385986328125,96978.4921875,1.3352537155151367,0.7677121771988297,62784.21484375,1.6210438039812405,0.7487166217584096
Lezo,600408000,600400000,600000000,19.834985812974487,0,0,0,FALSE,FALSE,NA,794.55706787109375,18808.466796875,0.1723320186138153,0.21147463114484974,24151.181640625,6.383235387342515,0.6053735325414449
Libacao,600409000,600400000,600000000,177.67562478764768,0,0,0,FALSE,FALSE,NA,153.2982940673828,32476.876953125,0.011597326025366783,0.07329659384174149,2223.667236328125,30.47781054094932,17.878816322077512
Madalag,600410000,600400000,600000000,291.74058342904874,0,0,0,FALSE,FALSE,NA,55.087520599365234,19167.111328125,0.0029362563509494066,0.09008012258497831,838.976318359375,28.986787814400703,15.244349073723416
Makato,600411000,600400000,600000000,60.311125218375,0,0,0,FALSE,FALSE,NA,360.3309631347656,25939.318359375,0.06303835660219193,0.13656053849195565,9104.64453125,11.657913087882648,1.3402363832059414
Malay,600412000,600400000,600000000,72.20408091330515,0,0,0,FALSE,FALSE,NA,481.8957214355469,41564.7109375,0.6749441027641296,0.08496158295183616,14716.7060546875,3.5051648027164486,3.7098724757812302
Malinao,600413000,600400000,600000000,209.50949287258362,0,0,0,FALSE,FALSE,NA,98.6908187866211,24671.4375,0.011495457962155342,0.10426430746385426,2197.166015625,18.020857894641747,12.107228815378653
Nabas,600414000,600400000,600000000,87.07854750925864,0,0,0,FALSE,FALSE,NA,342.7667541503906,35648.9453125,0.1278907060623169,0.07491986265033423,6224.4755859375,12.664047684160483,1.4334718065465397
New Washington,600415000,600400000,600000000,55.18361137090788,0,0,0,FALSE,FALSE,NA,611.62933349609375,40001.92578125,0.15668612718582153,0.15366847291690966,19558.373046875,6.202169067731949,6.4178230543297
Numancia,600416000,600400000,600000000,24.171382314025944,0,0,0,FALSE,FALSE,NA,1159.75830078125,33459.55078125,0.49255555868148804,0.46781322054801167,41749.10546875,6.086642950868528,1.2913709560541307
Tangalan,600417000,600400000,600000000,67.98118505713677,0,0,0,FALSE,FALSE,NA,261.3695068359375,21211.181640625,0.02744206227362156,0.08034508809942935,4638.73291015625,17.030545916721717,2.3634072780311572
Anini-Y,600601000,600600000,600000000,50.77483977526822,0,0,0,FALSE,FALSE,NA,251.56329345703125,15185.0390625,0.033215731382369995,0.04915216523975307,6088.18212890625,35.56389469538918,2.414111260285458
Barbaza,600602000,600600000,600000000,176.67368889360426,0,0,0,FALSE,FALSE,NA,108.20793914794922,22785.271484375,0.021332573145627975,0.07875574940787862,2228.67919921875,54.46189383425746,6.203293884740131
Belison,600603000,600600000,600000000,29.831790776416927,0,0,0,FALSE,FALSE,NA,347.700927734375,12346.9375,0.09266086667776108,0.09614869741359691,11105.93359375,10.665974594473973,2.3217012054465864
Bugasong,600604000,600600000,600000000,174.23585098327038,0,0,0,FALSE,FALSE,NA,175.238525390625,36370.6796875,0.03282923251390457,0.05698176956020644,3198.89990234375,42.32428723136574,7.915922854664397
Caluya,600605000,600600000,600000000,138.4314934885045,0,0,0,FALSE,FALSE,NA,119.98204040527344,19109.72265625,1.6632499694824219,0.047165555835698994,4460.0625,55.43320679266058,37.95777342329144
Culasi,600606000,600600000,600000000,196.99840597637865,0,0,0,FALSE,FALSE,NA,153.6415557861328,36094.96875,0.027977606281638145,0.09014166674432475,3243.9482421875,40.70478554488052,5.453401662465979
Tobias Fornier,600607000,600600000,600000000,110.83848506717854,0,0,0,FALSE,FALSE,NA,238.5437774658203,31439.60546875,0.02445177547633648,0.05917325473600375,4574.6318359375,27.65093280151565,3.2872471024402934
Hamtic,600608000,600600000,600000000,135.6106980258726,0,0,0,FALSE,FALSE,NA,329.6432189941406,53179.4140625,0.06358852237462997,0.10050608756497391,5061.4951171875,13.988999853037427,3.2991377690069634
Laua-An,600609000,600600000,600000000,159.90396905710153,0,0,0,FALSE,FALSE,NA,140.22979736328125,26716.482421875,0.025680724531412125,0.05212252321614824,2377.237060546875,47.22936033313103,7.585770205051841
Libertad,600610000,600600000,600000000,95.10085290761758,0,0,0,FALSE,FALSE,NA,136.9543914794922,15553.6103515625,0.0096405278891325,0.07461136779447082,1630.2991943359375,15.178996323666409,12.77664910022829
Pandan,600611000,600600000,600000000,146.9803553090541,0,0,0,FALSE,FALSE,NA,220.93032836914062,38768.453125,0.01790321059525013,0.1098740660359082,3919.091552734375,25.100937626706465,0.6920524826792153
Patnongon,600612000,600600000,600000000,133.3195173541779,0,0,0,FALSE,FALSE,NA,225.0218963623047,35717.7734375,0.03046543151140213,0.07893462473365465,4072.388427734375,20.652899731146245,3.880782588914149
San Jose,600613000,600600000,600000000,44.733511481649124,0,0,0,FALSE,FALSE,NA,1122.689453125,59767.5234375,0.7137093544006348,0.4045389945688473,35995.76953125,2.7078854756859925,0.8690221450779272
San Remigio,600614000,600600000,600000000,394.7859350585849,0,0,0,FALSE,FALSE,NA,83.0101547241211,39010.57421875,0.004494669381529093,0.07695065241086839,716.903076171875,30.382746182322435,18.414585233421533
Sebaste,600615000,600600000,600000000,106.61754117863421,0,0,0,FALSE,FALSE,NA,138.1130828857422,17570.572265625,0.0077127730473876,0.07049681924558708,2869.26318359375,29.839342758886286,2.3866277882883677
Sibalom,600616000,600600000,600000000,234.70807354958814,0,0,0,FALSE,FALSE,NA,219.40652465820312,61280.3125,0.06366410851478577,0.10529759813209008,4639.09619140625,15.229682061473364,8.704706663074182
Tibiao,600617000,600600000,600000000,98.94844399245129,0,0,0,FALSE,FALSE,NA,216.5852508544922,25547.970703125,0.035281166434288025,0.06876077555954649,4814.74365234375,51.56909170501387,3.7114487057810255
Valderrama,600618000,600600000,600000000,308.7234048778681,0,0,0,FALSE,FALSE,NA,47.32415008544922,17398.97265625,0.004899156279861927,0.05751473382274825,1015.1546020507812,38.38262028920247,15.045492170642582
Cuartero,601901000,601900000,600000000,105.61494665032649,0,0,0,FALSE,FALSE,NA,205.9286346435547,25912.55078125,0.0192569512873888,0.11144598828207401,6187.779296875,31.807617642685805,9.488840869949353
Dao,601902000,601900000,600000000,74.85022191335017,0,0,0,FALSE,FALSE,NA,371.39752197265625,33130.03515625,0.0495830774307251,0.11147612992769744,12184.5537109375,25.123387618500903,3.433973738992183
Dumalag,601903000,601900000,600000000,91.85195911958209,0,0,0,FALSE,FALSE,NA,275.6948547363281,30175.201171875,0.03609898313879967,0.08277903983336779,8269.4130859375,34.88052822972648,0.8335244512816125
Dumarao,601904000,601900000,600000000,222.3585219687376,0,0,0,FALSE,FALSE,NA,184.1626434326172,48779.8203125,0.023122765123844147,0.09193004902966505,5087.97607421875,38.54798604525736,7.612185422340484
Ivisan,601905000,601900000,600000000,57.951948020398355,0,0,0,FALSE,FALSE,NA,391.2197570800781,27033.69140625,0.08345617353916168,0.1187046490032553,11905.81640625,11.517691609335362,0.9061427765491581
Jamindan,601906000,601900000,600000000,471.9269611070781,0,0,0,FALSE,FALSE,NA,60.02546310424805,33768.30078125,0.005039677489548922,0.06883618769911277,2079.54150390625,34.6154266147603,9.78258375489968
Ma-Ayon,601907000,601900000,600000000,188.99312117699543,0,0,0,FALSE,FALSE,NA,175.52932739257812,39526.35546875,0.008193609304726124,0.07220549472743823,3432.739501953125,29.105392676253953,6.910141670323527
Mambusao,601908000,601900000,600000000,102.8536178948216,0,0,0,FALSE,FALSE,NA,305.4530029296875,37453.26953125,0.054372671991586685,0.11728240490958894,8798.783203125,26.010761928266867,0.721277512423375
Panay,601909000,601900000,600000000,132.82919365002405,0,0,0,FALSE,FALSE,NA,292.98516845703125,46395.66015625,0.06011657416820526,0.12772577560519785,7744.7861328125,11.193842306738121,3.9617666870277737
Panitan,601910000,601900000,600000000,90.25718834126295,0,0,0,FALSE,FALSE,NA,325.1905822753906,34984.80859375,0.10183743387460709,0.11183506655443105,12977.3984375,17.41412772388911,6.386114680655798
Pilar,601911000,601900000,600000000,118.12456183488993,0,0,0,FALSE,FALSE,NA,271.2920837402344,38189.9375,0.03135627135634422,0.10674088381983529,6269.47265625,32.572669067594255,2.4297241701292966
Pontevedra,601912000,601900000,600000000,104.89337486057609,0,0,0,FALSE,FALSE,NA,387.66778564453125,48445.359375,0.08726490288972855,0.11601614831483915,9241.6025390625,21.68259613455071,2.3771031270779766
President Roxas,601913000,601900000,600000000,68.5115064291367,0,0,0,FALSE,FALSE,NA,335.5329895019531,27393.10546875,0.21773327887058258,0.17425880232273266,8115.2705078125,29.201061721796254,2.1820344260466302
City of Roxas,601914000,601900000,600000000,103.13397804821271,0,0,0,FALSE,FALSE,NA,1435.75830078125,176479.4375,0.8827632069587708,0.5213137879825998,41875.01953125,4.664939742557648,1.4304853587940825
Sapi-An,601915000,601900000,600000000,87.87754918069199,0,0,0,FALSE,FALSE,NA,289.4951171875,30335.068359375,0.016173100098967552,0.07345360552076535,5845.25537109375,20.820643854143302,0.3418882295408364
Sigma,601916000,601900000,600000000,107.072413829909,0,0,0,FALSE,FALSE,NA,252.3590850830078,32209.357421875,0.03357406333088875,0.10372031749004769,7875.92578125,20.79169153450519,0.443432997412034
Tapaz,601917000,601900000,600000000,523.8384959219254,0,0,0,FALSE,FALSE,NA,80.65824890136719,50347.38671875,0.0041888742707669735,0.08557237330429719,2360.02294921875,46.9659482157544,12.99267166798713
Ajuy,603001000,603000000,600000000,171.21402411678406,0,0,0,FALSE,FALSE,NA,193.41680908203125,39422.62109375,0.038824256509542465,0.06307875393563146,6568.8466796875,40.83470055407538,1.2176698173331315
Alimodian,603002000,603000000,600000000,101.24133426394708,0,0,0,FALSE,FALSE,NA,392.7009582519531,47312.7734375,0.06362231075763702,0.07615560101570817,6587.24169921875,11.730077497944555,10.626981440004394
Anilao,603003000,603000000,600000000,102.03244943599731,0,0,0,FALSE,FALSE,NA,338.1427917480469,41064.48828125,0.017505282536149025,0.07917116916436355,5315.34423828125,32.73813526889455,2.8397107002591655
Badiangan,603004000,603000000,600000000,64.12781847697833,0,0,0,FALSE,FALSE,NA,447.03472900390625,34126.2578125,0.0205237939953804,0.08822905210302245,9953.2548828125,18.01277504683178,3.801659868644847
Balasan,603005000,603000000,600000000,56.46767581277281,0,0,0,FALSE,FALSE,NA,571.407958984375,38447.83203125,0.18008852005004883,0.20214978029148425,12774.494140625,39.467161288653536,1.8102869301585365
Banate,603006000,603000000,600000000,55.22219265072321,0,0,0,FALSE,FALSE,NA,472.0040588378906,31025.494140625,0.13657769560813904,0.1176921562682662,11945.33984375,38.27248156360097,4.543736633065182
Barotac Nuevo,603007000,603000000,600000000,96.11880922736547,0,0,0,FALSE,FALSE,NA,540.65350341796875,61834.43359375,0.17841927707195282,0.12710969248605297,11236.0263671875,26.413202828464453,0.9214181332986688
Barotac Viejo,603008000,603000000,600000000,180.9059698691061,0,0,0,FALSE,FALSE,NA,216.82015991210938,46692.078125,0.046175289899110794,0.09968297711058001,6236.52587890625,38.081646116390075,4.4461674693159985
Batad,603009000,603000000,600000000,45.02512921498207,0,0,0,FALSE,FALSE,NA,359.3203125,19274.1015625,0.08909657597541809,0.12125350629603,8864.2431640625,43.73858919620692,1.371052656609547
Bingawan,603010000,603000000,600000000,57.22549725434992,0,0,0,FALSE,FALSE,NA,263.1211242675781,17936.6953125,0.028356200084090233,0.08677355982962544,7500.22509765625,42.43371702182194,3.951317705909893
Cabatuan,603012000,603000000,600000000,104.06582649785044,0,0,0,FALSE,FALSE,NA,576.178466796875,71354.6953125,0.2577010989189148,0.13035493312143362,12874.619140625,5.3164938326136735,0.9675886575871191
Calinog,603013000,603000000,600000000,134.79504426914724,0,0,0,FALSE,FALSE,NA,419.7663269042969,67394.90625,0.08706268668174744,0.062359034147193175,9154.708984375,35.203269099497135,2.757659590899091
Carles,603014000,603000000,600000000,103.4206630388306,0,0,0,FALSE,FALSE,NA,426.30987548828125,52541.390625,0.12309045344591141,0.10336812368756249,10077.314453125,47.96326292892146,10.168604548313715
Concepcion,603015000,603000000,600000000,91.48594993296058,0,0,0,FALSE,FALSE,NA,302.059326171875,32889.34375,0.228142648935318,0.10218760554549638,6951.82421875,50.19962369370632,9.818629097508444
Dingle,603016000,603000000,600000000,98.56085113217922,0,0,0,FALSE,FALSE,NA,447.4107666015625,52491.03515625,0.13617300987243652,0.10756990264610942,11511.5693359375,27.368356359416588,3.6962696993896857
Dueñas,603017000,603000000,600000000,92.1471306927955,0,0,0,FALSE,FALSE,NA,360.2251892089844,39520.96875,0.08531468361616135,0.09813406486591604,9154.833984375,26.674243002689586,3.6570574617231855
Dumangas,603018000,603000000,600000000,119.15033465105955,0,0,0,FALSE,FALSE,NA,531.386474609375,75319.4921875,0.18315857648849487,0.15884550908758807,10630.330078125,23.856229456236182,0.2220130177443881
Estancia,603019000,603000000,600000000,28.796571536449132,0,0,0,FALSE,FALSE,NA,1233.9642333984375,42311.68359375,0.728140652179718,0.4643435881743268,22441.470703125,44.72313579529947,2.761211691946404
Guimbal,603020000,603000000,600000000,43.31159263051816,0,0,0,FALSE,FALSE,NA,732.011962890625,37712.11328125,0.3387816548347473,0.1582561323899552,15715.2529296875,25.383316611276,3.349573661390654
Igbaras,603021000,603000000,600000000,131.59254520529697,0,0,0,FALSE,FALSE,NA,237.34922790527344,37160.93359375,0.026843197643756866,0.09180014839625214,3673.905029296875,28.830336975909024,11.003803545596774
Janiuay,603023000,603000000,600000000,182.94974302632963,0,0,0,FALSE,FALSE,NA,366.621826171875,79854.3125,0.07037972658872604,0.07756209166459911,6933.4814453125,19.759446076638323,5.776762677655428
Lambunao,603025000,603000000,600000000,405.8654763163707,0,0,0,FALSE,FALSE,NA,185.61778259277344,89727.1328125,0.025875205174088478,0.08961026925084363,4016.920654296875,32.53930369495165,11.384858060951926
Leganes,603026000,603000000,600000000,31.560707244326814,0,0,0,FALSE,FALSE,NA,950.56341552734375,35687.43359375,0.6813977956771851,0.5848938397686337,24156.0703125,12.460581310979865,0.7465457015737761
Lemery,603027000,603000000,600000000,149.65096360371894,0,0,0,FALSE,FALSE,NA,215.35147094726562,38379.90234375,0.02200315147638321,0.0740618114489606,4519.4970703125,44.49900228551185,1.2319718117974556
Leon,603028000,603000000,600000000,139.19067609921788,0,0,0,FALSE,FALSE,NA,328.6354064941406,54432.30078125,0.028303368017077446,0.09594267194609318,6570.31787109375,16.299544855888975,16.20107692361479
Maasin,603029000,603000000,600000000,150.9444927027439,0,0,0,FALSE,FALSE,NA,262.95562744140625,47245.2421875,0.04149569943547249,0.0747403058833828,4344.57177734375,14.826168639884582,9.973410423030836
Miagao,603030000,603000000,600000000,170.05815152469842,0,0,0,FALSE,FALSE,NA,352.9427490234375,71398.59375,0.07103623449802399,0.10284322956775577,6315.87353515625,28.912015980391857,5.690334343990064
Mina,603031000,603000000,600000000,39.4284137902027,0,0,0,FALSE,FALSE,NA,611.17449951171875,28679.23828125,0.09136252850294113,0.11431408314124376,12290.861328125,14.300371719766794,5.072383936593862
New Lucena,603032000,603000000,600000000,39.54389595722551,0,0,0,FALSE,FALSE,NA,527.66522216796875,24828.466796875,0.11981756240129471,0.15054615238623992,14966.859375,10.272152295537397,0.9383536369073512
Oton,603034000,603000000,600000000,85.46658929473062,0,0,0,FALSE,FALSE,NA,910.18084716796875,92527.7734375,0.5431668162345886,0.20566726993396037,22592.291015625,12.265832017302575,3.7739808681167593
City of Passi,603035000,603000000,600000000,240.94633459687464,0,0,0,FALSE,FALSE,NA,311.1978759765625,89300.75,0.11582101881504059,0.10819352258386847,9773.833984375,41.53572434248768,1.2545184786850414
Pavia,603036000,603000000,600000000,25.487937994369307,0,0,0,FALSE,FALSE,NA,1893.4832763671875,57409.00390625,2.952162027359009,2.0280141156342233,62814.18359375,8.33638621595106,0.2091123496836678
Pototan,603037000,603000000,600000000,98.5697163716567,0,0,0,FALSE,FALSE,NA,699.79608154296875,82089.3046875,0.23699951171875,0.12846894107854387,16667.99609375,18.536767711405265,0.018097207074899185
San Dionisio,603038000,603000000,600000000,118.73142213500626,0,0,0,FALSE,FALSE,NA,254.60284423828125,36005.43359375,0.030028168112039566,0.08487138040743178,5763.9443359375,46.367804631000574,0.8466832164932608
San Enrique,603039000,603000000,600000000,105.60305336715003,0,0,0,FALSE,FALSE,NA,354.5205078125,44576.55859375,0.0677044615149498,0.13209876928816602,7837.0146484375,38.78615846586187,1.153726325992194
San Joaquin,603040000,603000000,600000000,199.26588956999376,0,0,0,FALSE,FALSE,NA,210.15017700195312,49803.27734375,0.021051762625575066,0.08141819792049279,3503.383056640625,24.684652289941706,2.6688792714298675
San Miguel,603041000,603000000,600000000,33.23957363952816,0,0,0,FALSE,FALSE,NA,760.3267822265625,30066.724609375,0.3908376097679138,0.2528760537792652,20936.783203125,5.892148557265491,7.0320299681391765
San Rafael,603042000,603000000,600000000,84.1565845486441,0,0,0,FALSE,FALSE,NA,191.56861877441406,19196.443359375,0.009735153056681156,0.07820090892665604,3775.5107421875,46.65401415149351,2.7382721993000874
Santa Barbara,603043000,603000000,600000000,69.32720885567075,0,0,0,FALSE,FALSE,NA,876.03570556640625,72257.421875,0.8224920034408569,0.419707989704774,21299.060546875,5.226482245556714,0.7451892224539243
Sara,603044000,603000000,600000000,184.97842984117557,0,0,0,FALSE,FALSE,NA,238.14466857910156,52469.30078125,0.063839852809906,0.09610447889959862,6790.66064453125,42.25806645162126,5.256400255932714
Tigbauan,603045000,603000000,600000000,90.33249014131678,0,0,0,FALSE,FALSE,NA,614.004150390625,65975.359375,0.1483146846294403,0.13561980303812698,11886.6328125,18.207842154881117,4.43341234567543
Tubungan,603046000,603000000,600000000,90.34664323507555,0,0,0,FALSE,FALSE,NA,231.8207244873047,24921.953125,0.017567044124007225,0.08456963653161848,4722.07470703125,22.93114695952715,15.439335691360643
Zarraga,603047000,603000000,600000000,38.26539312453418,0,0,0,FALSE,FALSE,NA,743.74163818359375,33857.58203125,0.25444847345352173,0.21300942587167268,14936.3203125,14.772224824726116,2.1072776882523665
City of Bago,604502000,604500000,600000000,407.31065159006687,0,0,0,FALSE,FALSE,NA,347.3396301269531,168068.015625,0.19813013076782227,0.11590374113068427,5523.1455078125,30.739888137969846,9.47664323881463
Binalbagan,604503000,604500000,600000000,185.07950138612802,0,0,0,FALSE,FALSE,NA,280.24920654296875,61527.640625,0.16328445076942444,0.10720448669441797,4382.966796875,71.22183700911378,7.886929170502836
City of Cadiz,604504000,604500000,600000000,527.3202431427442,0,0,0,FALSE,FALSE,NA,218.97914123535156,137281.4375,0.14183826744556427,0.10442818520607296,3157.070556640625,27.13389609956429,10.119261673282757
Calatrava,604505000,604500000,600000000,288.1605370292324,0,0,0,FALSE,FALSE,NA,208.16656494140625,71253.4296875,0.04288386180996895,0.1083371961913487,2419.932861328125,44.904453237511106,8.501361544898785
Candoni,604506000,604500000,600000000,295.58515608073554,0,0,0,FALSE,FALSE,NA,54.31654739379883,19037.853515625,0.008561880327761173,0.07824707382760801,913.64825439453125,88.15796595840095,20.730776692983472
Cauayan,604507000,604500000,600000000,470.0084422049248,0,0,0,FALSE,FALSE,NA,173.30398559570312,96633.2890625,0.024452874436974525,0.09135935147680317,1760.3543701171875,102.54062125174087,7.354450336597845
Enrique B. Magalona,604508000,604500000,600000000,139.09093558650707,0,0,0,FALSE,FALSE,NA,380.61029052734375,62954.26171875,0.1767588108778,0.1315891338115223,5394.88232421875,8.21478976000983,0.11848021950678701
City of Escalante,604509000,604500000,600000000,192.619097621772,0,0,0,FALSE,FALSE,NA,389.5906677246094,89176.71875,0.16217561066150665,0.11499306870380352,7600.6357421875,50.22234254236238,0.9668746085798523
City of Himamaylan,604510000,604500000,600000000,363.86941237884855,0,0,0,FALSE,FALSE,NA,234.71221923828125,101327.390625,0.21212275326251984,0.12457890137269459,2968.774169921875,79.92508732709749,6.956577668815696
Hinigaran,604511000,604500000,600000000,152.86947767559565,0,0,0,FALSE,FALSE,NA,424.3457946777344,77014.328125,0.09974183142185211,0.10740794324054363,5957.4560546875,57.38592543450074,3.4115081058749808
Hinoba-an,604512000,604500000,600000000,402.30563500578836,0,0,0,FALSE,FALSE,NA,95.03611755371094,45314.71484375,0.01903596706688404,0.07370371767356158,1489.068603515625,84.58052097788563,7.392694471768181
Ilog,604513000,604500000,600000000,294.2683941285847,0,0,0,FALSE,FALSE,NA,163.7346954345703,57135.65625,0.049921438097953796,0.09612223421624715,1848.6055908203125,83.79360325573346,16.333465764670414
Isabela,604514000,604500000,600000000,191.66296805034304,0,0,0,FALSE,FALSE,NA,265.00701904296875,60280.53515625,0.0354338064789772,0.08347490799462216,2800.3037109375,63.10692509587772,4.467308387671298
City of Kabankalan,604515000,604500000,600000000,659.8614189299814,0,0,0,FALSE,FALSE,NA,205.62388610839844,160899.515625,0.19614790380001068,0.06187554360292503,3839.097412109375,77.92782430373887,4.862818494749874
City of La Carlota,604516000,604500000,600000000,127.2175556718384,0,0,0,FALSE,FALSE,NA,427.468994140625,64585.96875,0.5900848507881165,0.13504446834657785,7762.3857421875,40.1806245577993,0.9388943121636144
La Castellana,604517000,604500000,600000000,216.0944240107645,0,0,0,FALSE,FALSE,NA,294.4354248046875,75540.0546875,0.033107463270425797,0.04377696659496107,3491.026123046875,48.315357668843475,1.0277797595804894
Manapla,604518000,604500000,600000000,99.5831876265837,0,0,0,FALSE,FALSE,NA,409.3255615234375,48479.40625,0.23917432129383087,0.10525966366534359,5111.00732421875,20.308560240335794,3.2149888908334687
Moises Padilla,604519000,604500000,600000000,140.77362980972913,0,0,0,FALSE,FALSE,NA,225.51614379882812,37681.42578125,0.02080286666750908,0.09525104340858888,2522.8017578125,56.78839728365356,9.229856994114536
Murcia,604520000,604500000,600000000,279.7694284376589,0,0,0,FALSE,FALSE,NA,245.04786682128906,81452.453125,0.11761607229709625,0.10349151877917383,3182.763916015625,23.629362443771406,1.557541302185275
Pontevedra,604521000,604500000,600000000,111.67088640346951,0,0,0,FALSE,FALSE,NA,359.93194580078125,47730.7578125,0.10458008199930191,0.0997872682472683,5228.8232421875,47.58596698708878,6.477723788594749
Pulupandan,604522000,604500000,600000000,16.811781315994086,0,0,0,FALSE,FALSE,NA,908.96368408203125,18158.267578125,0.6113256216049194,0.4572145423026775,16023.8935546875,35.85157803646397,1.787185553440901
City of Sagay,604523000,604500000,600000000,292.83830544418777,0,0,0,FALSE,FALSE,NA,366.0505676269531,127412.203125,0.21096733212471008,0.10264687839583571,6299.55908203125,42.050024060589934,4.424120256392835
City of San Carlos,604524000,604500000,600000000,408.3733642463029,1,3,87.83420000000001,TRUE,TRUE,2009,235.2822723388672,114089.421875,0.2686273753643036,0.08986638198702065,3853.787841796875,44.80548143677168,3.0045537259150232
San Enrique,604525000,604500000,600000000,28.297234338602014,0,0,0,FALSE,FALSE,NA,644.962890625,21678.466796875,0.27009421586990356,0.22585874454234142,10870.2958984375,42.8731199049788,0.33970231280438656
City of Silay,604526000,604500000,600000000,209.61875651556298,0,0,0,FALSE,FALSE,NA,461.47467041015625,115002.453125,0.42753690481185913,0.10972860296919852,7260.24267578125,6.735516193361998,7.498184183817193
City of Sipalay,604527000,604500000,600000000,327.6495828978654,0,0,0,FALSE,FALSE,NA,160.95590209960938,62539.32421875,0.058062754571437836,0.0787030488196399,2968.669677734375,101.59617266438887,4.831825267696408
City of Talisay,604528000,604500000,600000000,193.71473027981392,0,0,0,FALSE,FALSE,NA,480.6402893066406,110665.3828125,0.6448884010314941,0.14473691526062357,8531.2216796875,10.90412317687725,7.997327462980008
Toboso,604529000,604500000,600000000,118.20743522266467,0,0,0,FALSE,FALSE,NA,264.933349609375,37208.09375,0.028104683384299278,0.0819637954899863,3483.35205078125,47.17789166296088,4.001858919529726
Valladolid,604530000,604500000,600000000,40.27937765764538,0,0,0,FALSE,FALSE,NA,738.15509033203125,35322.296875,0.1280919313430786,0.14572666762399528,13332.0791015625,39.25992904031786,3.1276292209996406
City of Victorias,604531000,604500000,600000000,105.89710330418896,0,0,0,FALSE,FALSE,NA,690.73052978515625,86981.1171875,0.5952683091163635,0.14305177425765872,11563.3271484375,13.051005867240303,3.5055762441033256
Salvador Benedicto,604532000,604500000,600000000,217.98413890130084,0,0,0,FALSE,FALSE,NA,101.84747314453125,26372.783203125,0.010005400516092777,0.1043366961112132,1023.8469848632812,33.27480236335631,0.7047085174758119
Buenavista,607901000,607900000,600000000,112.60150359747655,0,0,0,FALSE,FALSE,NA,393.5976867675781,52700.63671875,0.12857769429683685,0.22563875049315388,7433.98291015625,24.44670420454979,1.1722213495625389
Jordan,607902000,607900000,600000000,104.11539250232644,0,0,0,FALSE,FALSE,NA,314.9089660644531,38979.84765625,0.07834842056035995,0.09192288300440388,5355.94775390625,26.543262905463266,1.6087847096556926
Nueva Valencia,607903000,607900000,600000000,128.6512926990168,0,0,0,FALSE,FALSE,NA,249.1650848388672,38094.5234375,0.02549062855541706,0.0928014622353492,4392.41796875,40.806117477836374,1.1133674692981148
San Lorenzo,607904000,607900000,600000000,114.73742665791009,0,0,0,FALSE,FALSE,NA,196.91798400878906,26855.423828125,0.022532271221280098,0.1198894788131978,4659.43994140625,32.907008371566604,3.2779285557077253
Sibunag,607905000,607900000,600000000,136.51623247629396,0,0,0,FALSE,FALSE,NA,146.85604858398438,23827.064453125,5.161555600352585e-4,0.10131473021592699,2907.362060546875,37.8750516906945,4.387383427907628
Alburquerque,701201000,701200000,700000000,28.625651421797578,0,0,0,FALSE,FALSE,NA,297.114501953125,10062.86328125,0.19614355266094208,0.16317310353060197,10244.4853515625,22.612381088760916,3.0662704494331092
Alicia,701202000,701200000,700000000,82.01549068639578,0,0,0,FALSE,FALSE,NA,164.96315002441406,16005.498046875,0.10624352097511292,0.12545676239034578,5193.59423828125,67.43569476437003,1.6141305978410772
Anda,701203000,701200000,700000000,66.52468836490964,0,0,0,FALSE,FALSE,NA,195.69961547851562,15391.65234375,0.07463234663009644,0.14366196674473902,5877.12841796875,59.49386447137767,5.578452360904156
Antequera,701204000,701200000,700000000,65.86052343777848,0,0,0,FALSE,FALSE,NA,204.45040893554688,15940.07421875,0.024136021733283997,0.09572126297243688,3322.45947265625,28.66565659853111,8.3145312306341
Baclayon,701205000,701200000,700000000,33.9151108587009,0,0,0,FALSE,FALSE,NA,458.6475830078125,18405.654296875,0.5152142643928528,0.4600741529504061,17132.064453125,17.595154364156304,1.5663028065442501
Balilihan,701206000,701200000,700000000,104.93600770306126,0,0,0,FALSE,FALSE,NA,121.60366821289062,15102.7333984375,0.01644948497414589,0.0990556788378134,2703.32666015625,32.752234180557636,12.092094229949913
Batuan,701207000,701200000,700000000,85.09826909709057,0,0,0,FALSE,FALSE,NA,126.691650390625,12758.4306640625,0.016450751572847366,0.11523642077398219,2923.337890625,46.67167484193332,3.177102390422667
Bilar,701208000,701200000,700000000,159.29197248444612,0,0,0,FALSE,FALSE,NA,111.60762023925781,21032.904296875,0.029756851494312286,0.08405905227867856,2491.20458984375,40.78063655873333,1.1374550403625094
Buenavista,701209000,701200000,700000000,109.45176617785368,0,0,0,FALSE,FALSE,NA,203.0419158935547,26316.099609375,0.046603601425886154,0.1381642778643493,2505.17431640625,35.40506672566239,5.048579720303944
Calape,701210000,701200000,700000000,70.8944025451921,0,0,0,FALSE,FALSE,NA,306.4485168457031,25702.03125,0.1550842523574829,0.12599245200734538,8093.23974609375,36.64325813968496,1.289772553198628
Candijay,701211000,701200000,700000000,93.1006290357571,0,0,0,FALSE,FALSE,NA,207.5517578125,22852.58984375,0.06624825298786163,0.1373074743462925,7075.65625,68.41961118264665,0.5983626098742721
Carmen,701212000,701200000,700000000,210.04011150354302,0,0,0,FALSE,FALSE,NA,174.50425720214844,43372.91796875,0.0368373841047287,0.10672623681138672,5626.376953125,55.343745672811785,0.8993490425507977
Catigbian,701213000,701200000,700000000,108.6441276639519,0,0,0,FALSE,FALSE,NA,180.0346221923828,23153.8984375,0.026157351210713387,0.09163786506565827,4020.856201171875,41.95767621692659,9.442725679404123
Clarin,701214000,701200000,700000000,45.54804417608544,0,0,0,FALSE,FALSE,NA,416.8928527832031,22483.98828125,0.12277522683143616,0.14982419938905636,8457.873046875,40.92687909176598,1.5332246556350029
Corella,701215000,701200000,700000000,34.84567883484571,0,0,0,FALSE,FALSE,NA,170.22743225097656,7019.59326171875,0.2915515601634979,0.1642021489836968,6695.57421875,21.91537688044293,6.943370889674914
Cortes,701216000,701200000,700000000,33.333385647153904,0,0,0,FALSE,FALSE,NA,464.7170715332031,18334.205078125,0.3431064188480377,0.18470019802134907,13802.53515625,21.847481533832617,2.961764080319303
Dagohoy,701217000,701200000,700000000,92.78908530150719,0,0,0,FALSE,FALSE,NA,196.45120239257812,21571.96484375,0.0447310172021389,0.10477068553721601,5265.31689453125,55.038961731757986,1.110842997300133
Danao,701218000,701200000,700000000,109.4054611143452,0,0,0,FALSE,FALSE,NA,130.6470489501953,16920.298828125,0.01787940040230751,0.09317336888550877,2836.572998046875,45.647793299770576,10.784566050568085
Dauis,701219000,701200000,700000000,44.22962735297495,0,0,0,FALSE,FALSE,NA,829.6483154296875,43422.72265625,0.8618584871292114,0.7552189318940529,28193.798828125,7.805066538185094,0.08794558195429068
Dimiao,701220000,701200000,700000000,54.53835430635538,0,0,0,FALSE,FALSE,NA,262.232421875,16915.833984375,0.1285240203142166,0.10593858734773783,8094.9619140625,43.592494894949546,4.6973818747587135
Duero,701221000,701200000,700000000,65.07841680341716,0,0,0,FALSE,FALSE,NA,201.7046661376953,15523.1708984375,0.04164150357246399,0.1034380796632121,5653.5283203125,64.52753366689774,3.410570773858393
Garcia Hernandez,701222000,701200000,700000000,96.8004505831726,0,0,0,FALSE,FALSE,NA,217.283203125,24872.732421875,0.10728171467781067,0.12292700892245013,5055.376953125,57.089357561826056,5.545870119796177
Guindulman,701223000,701200000,700000000,98.2104959718592,0,0,0,FALSE,FALSE,NA,221.93553161621094,25775.126953125,0.05271045118570328,0.13693124928343162,6535.84375,64.45835009927544,3.666643497054339
Inabanga,701224000,701200000,700000000,108.4090284354595,0,0,0,FALSE,FALSE,NA,280.54241943359375,36011.4140625,0.04983174055814743,0.1248853689627227,5161.435546875,36.54480520097684,3.254698920617162
Jagna,701225000,701200000,700000000,97.05365812393211,0,0,0,FALSE,FALSE,NA,255.47752380371094,29320.4140625,0.10627707093954086,0.11946465792573409,8105.96875,63.18537555914282,2.179150118937739
Getafe,701226000,701200000,700000000,94.35757245178357,0,0,0,FALSE,FALSE,NA,163.52001953125,18227.890625,0.07371901720762253,0.09269291808762838,4179.60205078125,30.1550490875012,0.8675238144762202
Lila,701227000,701200000,700000000,17.932185031994845,0,0,0,FALSE,FALSE,NA,454.6226806640625,9642.2900390625,0.28124555945396423,0.15689746159435805,13415.71484375,37.13165446961162,1.720699322482471
Loay,701228000,701200000,700000000,26.13880885837094,0,0,0,FALSE,FALSE,NA,436.3450622558594,13492.2919921875,0.22122043371200562,0.16604874578804873,17107.3125,27.35768757561631,0.6004999990336876
Loboc,701229000,701200000,700000000,58.03455693687685,0,0,0,FALSE,FALSE,NA,238.0231475830078,16341.7880859375,0.06461700797080994,0.05762762307504336,5778.4765625,30.746661239398225,1.1375367306308115
Loon,701230000,701200000,700000000,98.93328682954002,0,0,0,FALSE,FALSE,NA,291.5292663574219,34151.06640625,0.07286781072616577,0.0727745498550084,9289.7001953125,27.90139087838436,2.3908887029739136
Mabini,701231000,701200000,700000000,97.1258712816018,0,0,0,FALSE,FALSE,NA,197.93247985839844,22739.1015625,0.07030319422483444,0.1097204886984795,5153.83544921875,74.20269147392838,6.870979668868007
Maribojoc,701232000,701200000,700000000,55.312164752352345,0,0,0,FALSE,FALSE,NA,431.40631103515625,28247.51953125,0.061361655592918396,0.13031364790506028,8068.15673828125,21.942727883334967,1.6357097142562722
Panglao,701233000,701200000,700000000,47.22413350998024,0,0,0,FALSE,FALSE,NA,588.153564453125,32852.75,1.3543635606765747,0.9019924469454066,25113.76171875,0.8623860678712695,1.0599919882460422
Pilar,701234000,701200000,700000000,114.75564068772638,0,0,0,FALSE,FALSE,NA,181.90496826171875,24695.287109375,0.011609164997935295,0.11822041666404644,6800.89501953125,65.42609536277384,7.675059438794133
President Carlos P. Garcia,701235000,701200000,700000000,46.99687483239446,0,0,0,FALSE,FALSE,NA,196.74542236328125,10942.2255859375,0.047336481511592865,0.08588723558639022,7225.875,68.10119613119812,11.193821264672023
Sagbayan,701236000,701200000,700000000,76.68004318291158,0,0,0,FALSE,FALSE,NA,219.4971923828125,19925.095703125,0.049044013023376465,0.14245438627596801,7021.2646484375,45.977391138144526,0.09054258189116189
San Isidro,701237000,701200000,700000000,59.39718870164275,0,0,0,FALSE,FALSE,NA,137.67620849609375,9681.8388671875,2.509023488528328e-6,0.1391172558069229,2600.608154296875,36.93771325944679,7.063313049851528
San Miguel,701238000,701200000,700000000,107.71114257678703,0,0,0,FALSE,FALSE,NA,201.49728393554688,25686.927734375,0.024638725444674492,0.10413658628803026,5044.7919921875,53.326441444286075,0.41059543988607555
Sevilla,701239000,701200000,700000000,55.927460801613066,0,0,0,FALSE,FALSE,NA,115.08488464355469,7615.9912109375,0.028947697952389717,0.07783322873442002,3888.15234375,34.78633028351545,5.775581799129878
Sierra Bullones,701240000,701200000,700000000,99.56579818825318,0,0,0,FALSE,FALSE,NA,185.9752960205078,21904.443359375,0.03150123357772827,0.10698036077705285,7459.052734375,60.93027935831586,1.504787528842286
Sikatuna,701241000,701200000,700000000,41.89823796740381,0,0,0,FALSE,FALSE,NA,158.4172821044922,7853.9052734375,0.03201763704419136,0.08305984062826506,2960.031005859375,27.941286520100515,5.28566809290372
City of Tagbilaran,701242000,701200000,700000000,32.26468193025628,0,0,0,FALSE,FALSE,NA,2502.92431640625,95566.234375,3.888200283050537,2.6581480350403823,91863.3046875,15.1131880599338,1.335226905545105
Talibon,701243000,701200000,700000000,148.52877270028245,1,1,5.4763,FALSE,TRUE,NA,295.588623046875,51900.0078125,0.09286470711231232,0.09301991915764071,7305.14013671875,39.0674186325342,3.1479997157420576
Trinidad,701244000,701200000,700000000,143.33298378742563,0,0,0,FALSE,FALSE,NA,213.19088745117188,36173.484375,0.02532370015978813,0.10134472790387565,3639.346923828125,47.83962176305211,2.0493357653057584
Tubigon,701245000,701200000,700000000,66.55053892553339,0,0,0,FALSE,FALSE,NA,475.1322021484375,36939.7421875,0.243909552693367,0.16712959862643484,11706.2392578125,42.47324123997896,2.5599191065682567
Ubay,701246000,701200000,700000000,265.81532945318486,0,0,0,FALSE,FALSE,NA,229.12109375,72042.4375,0.12038123607635498,0.12349811462446945,5966.9140625,62.87534392576912,1.2445708645983071
Valencia,701247000,701200000,700000000,99.2989374995895,0,0,0,FALSE,FALSE,NA,198.65512084960938,23330.228515625,0.035560399293899536,0.0861211971979663,7563.71337890625,50.30190376202737,6.29838029750025
Bien Unido,701248000,701200000,700000000,27.16818919989797,0,0,0,FALSE,FALSE,NA,553.90771484375,17800.927734375,0.13673488795757294,0.1694428695983139,9855.0537109375,47.65481609629132,5.684133527552064
Alcantara,702201000,702200000,700000000,25.631586497002775,0,0,0,FALSE,FALSE,NA,401.5350341796875,12199.1376953125,0.1385219395160675,0.14738416923191827,7532.5791015625,56.47871191783479,1.9593321752087125
Alcoy,702202000,702200000,700000000,67.54705202488942,0,0,0,FALSE,FALSE,NA,171.47557067871094,13718.125,0.1396004855632782,0.12212052445975448,4164.205078125,36.552921240313,4.2015419313852
Alegria,702203000,702200000,700000000,96.52847659361564,0,0,0,FALSE,FALSE,NA,169.51351928710938,19383.9765625,0.02940177172422409,0.09545113395683082,2230.016357421875,46.18418501172977,4.260359442513516
Aloguinsan,702204000,702200000,700000000,62.8045064938576,0,0,0,FALSE,FALSE,NA,405.5041198730469,30201.63671875,0.20653419196605682,0.1775209763385482,4901.6044921875,46.08852353978839,1.9495200506089687
Argao,702205000,702200000,700000000,196.21195457382913,0,0,0,FALSE,FALSE,NA,375.1380615234375,87220.0390625,0.09843866527080536,0.1387514429180911,6523.4970703125,45.312437003965854,5.453577571661308
Asturias,702206000,702200000,700000000,140.85324794772416,0,0,0,FALSE,FALSE,NA,282.3191833496094,47198.37109375,0.0928008183836937,0.102222106976892,2708.407470703125,36.432122043300616,5.214273881552064
Badian,702207000,702200000,700000000,116.83287712962488,0,0,0,FALSE,FALSE,NA,296.91900634765625,41105.3046875,0.07371379435062408,0.1526810751692625,4955.962890625,49.302292910978714,3.2384973677977884
Balamban,702208000,702200000,700000000,221.95172890242392,1,2,199.3214,TRUE,FALSE,1998,315.2296447753906,82931.3359375,0.44182753562927246,0.13050738619495744,6346.60302734375,29.467900887836993,1.3444023442999473
Bantayan,702209000,702200000,700000000,82.81946561103834,0,0,0,FALSE,FALSE,NA,613.9156494140625,60468.4921875,0.25087210536003113,0.11385768414929556,20467.099609375,89.9911035425003,25.869707233534708
Barili,702210000,702200000,700000000,119.63445268056229,0,0,0,FALSE,FALSE,NA,561.45953369140625,79641.3125,0.16744518280029297,0.17066562983878195,5208.50048828125,53.36445860887821,0.9877047766433933
City of Bogo,702211000,702200000,700000000,95.61455106661542,0,0,0,FALSE,FALSE,NA,599.48590087890625,68079.734375,0.5727885961532593,0.20265126400113603,19663.923828125,62.90738929528122,0.32331018470426226
Boljoon,702212000,702200000,700000000,82.36694059117843,0,0,0,FALSE,FALSE,NA,139.01336669921875,13558.80859375,0.059517133980989456,0.1212824566094507,2242.177001953125,36.49424513200604,4.0272162868212975
Borbon,702213000,702200000,700000000,91.54979678253207,0,0,0,FALSE,FALSE,NA,253.31443786621094,27540.03125,0.09546028822660446,0.1077914144112778,5168.03515625,59.76998659280759,1.3807705083465938
City of Carcar,702214000,702200000,700000000,99.05182344818928,0,0,0,FALSE,FALSE,NA,1123.092041015625,131882.15625,0.8367215991020203,0.31018157278163877,15884.4990234375,43.70305509164499,1.4389347018251695
Carmen,702215000,702200000,700000000,86.64634992739231,0,0,0,FALSE,FALSE,NA,547.047607421875,56245.68359375,0.29735609889030457,0.12245772865252344,7806.25341796875,32.11593282514051,5.346852813741045
Catmon,702216000,702200000,700000000,110.87106223383081,0,0,0,FALSE,FALSE,NA,214.0736083984375,28170.46875,0.05842699855566025,0.10941283107924872,2594.824462890625,40.011019475794406,5.013025868958952
Compostela,702218000,702200000,700000000,47.54568321443805,0,0,0,FALSE,FALSE,NA,871.38848876953125,49143.0078125,1.3269227743148804,0.5847601008549462,16803.990234375,18.102308296238466,5.114876266663115
Consolacion,702219000,702200000,700000000,38.03931287554578,0,0,0,FALSE,FALSE,NA,4285.62451171875,193328.921875,4.002086639404297,2.2686619180636853,69781.765625,10.180063790262412,2.378589265145973
Cordova,702220000,702200000,700000000,9.218697874809246,0,0,0,FALSE,FALSE,NA,5402.525390625,58991.30859375,5.349698066711426,4.903227969118312,86912.140625,6.46391067333636,0.15893746299387426
Daanbantayan,702221000,702200000,700000000,91.97129320813242,0,0,0,FALSE,FALSE,NA,546.10101318359375,59715.1171875,0.40288007259368896,0.36392772548011626,19077.98046875,62.26537476985942,0.7533779261325783
Dalaguete,702222000,702200000,700000000,143.54280884511275,0,0,0,FALSE,FALSE,NA,389.33477783203125,66205.0078125,0.10315166413784027,0.13778058374076987,6229.31396484375,39.83700998452192,4.95900591409721
Danao City,702223000,702200000,700000000,168.8924721467026,1,1,28.2927,TRUE,FALSE,NA,685.91192626953125,137446.34375,0.4501175284385681,0.1728889711024642,9998.5751953125,25.92326520612047,9.131185946357043
Dumanjug,702224000,702200000,700000000,86.06442253653772,0,0,0,FALSE,FALSE,NA,494.5640869140625,50460.80078125,0.1690429151058197,0.16516051255522368,4619.1923828125,61.12315692438006,1.1897841873493316
Ginatilan,702225000,702200000,700000000,50.39158759607074,0,0,0,FALSE,FALSE,NA,291.24786376953125,17378.69140625,0.06671879440546036,0.15264386722789902,2517.947509765625,27.548720594653762,3.2193159743002355
Liloan,702227000,702200000,700000000,53.153603061038055,0,0,0,FALSE,FALSE,NA,1960.0462646484375,123469.921875,2.280329704284668,0.9378944763103891,56013.55078125,12.243474219785908,2.6200581217629777
Madridejos,702228000,702200000,700000000,24.217273716033006,0,0,0,FALSE,FALSE,NA,1478.0811767578125,42585.16796875,0.3595660328865051,0.3653181322164302,32955.109375,94.04146932771921,29.461799466559693
Malabuyoc,702229000,702200000,700000000,82.1522069240118,0,0,0,FALSE,FALSE,NA,179.6550750732422,17479.93359375,0.06647389382123947,0.10815561655717075,1726.3485107421875,36.29636747841965,4.396612082701195
Medellin,702231000,702200000,700000000,76.15992475682519,0,0,0,FALSE,FALSE,NA,665.70611572265625,60268.8359375,0.3672868013381958,0.3251964732713803,14390.0947265625,65.07537838432287,2.627959411452635
Minglanilla,702232000,702200000,700000000,51.248856081155445,0,0,0,FALSE,FALSE,NA,2572.861328125,156356,2.259061813354492,0.6623905449563163,40613.75,22.126987140241162,3.8531295799568284
Moalboal,702233000,702200000,700000000,68.78195233831602,0,0,0,FALSE,FALSE,NA,277.6854553222656,22628.58203125,0.21527241170406342,0.14515986502745745,10191.6513671875,55.1987943887102,2.9818913809226895
City of Naga,702234000,702200000,700000000,97.36786884392573,1,1,86.1618,TRUE,FALSE,1997,920.3880615234375,106266.0078125,1.4931739568710327,0.5326710815076378,18257.248046875,29.143191258812102,0.11245661219014821
Oslob,702235000,702200000,700000000,127.48313546571119,0,0,0,FALSE,FALSE,NA,213.85728454589844,32276.7578125,0.056590739637613297,0.11657110708479197,2586.212646484375,25.175405776946373,3.8091760985273666
Pilar,702236000,702200000,700000000,33.85829187249756,0,0,0,FALSE,FALSE,NA,166.3367156982422,6679.41552734375,0.005195728037506342,0.06841091714578072,7404.77685546875,32.085017508820826,11.514788759868237
Pinamungajan,702237000,702200000,700000000,105.8107370622132,0,0,0,FALSE,FALSE,NA,503.93328857421875,63243.2734375,0.23380804061889648,0.12488850607584828,4566.44189453125,39.83103634902631,3.8181419636062772
Poro,702238000,702200000,700000000,65.97459688463108,0,0,0,FALSE,FALSE,NA,348.7193908691406,27282.765625,0.05175193399190903,0.06831125170379927,6400.388671875,45.254466426479155,4.802903807417851
Ronda,702239000,702200000,700000000,44.46315904411719,0,0,0,FALSE,FALSE,NA,392.5006103515625,20687.154296875,0.06613020598888397,0.16016163300942882,4389.5927734375,58.238288268256554,0.5320872499696037
Samboan,702240000,702200000,700000000,51.983063697684265,0,0,0,FALSE,FALSE,NA,278.5201416015625,17141.060546875,0.10851874202489853,0.16215194963985097,3376.96875,19.373679073924112,2.7455439536965853
San Fernando,702241000,702200000,700000000,75.01628214132958,0,0,0,FALSE,FALSE,NA,793.96142578125,70618.6796875,0.6990523338317871,0.2550403467265741,13441.5283203125,36.052685568699204,4.221518745612942
San Francisco,702242000,702200000,700000000,97.22832760854106,0,0,0,FALSE,FALSE,NA,398.07342529296875,45902.8828125,0.04073622450232506,0.07218947403114484,7911.0234375,52.16141858877024,0.14219938646336863
San Remigio,702243000,702200000,700000000,97.65831125142563,0,0,0,FALSE,FALSE,NA,433.8289489746094,50339.33203125,0.14975903928279877,0.09139174721773596,12055.509765625,69.62170000367564,0.40373697234701816
Santa Fe,702244000,702200000,700000000,29.362580289049276,0,0,0,FALSE,FALSE,NA,523.89227294921875,18295.57421875,0.33886072039604187,0.1794900339820229,21676.322265625,83.26145566353216,19.887611311756938
Santander,702245000,702200000,700000000,33.08943759472779,0,0,0,FALSE,FALSE,NA,399.3894348144531,15643.099609375,0.19006644189357758,0.1800923958435259,10173.130859375,12.363997619207652,2.760836681923482
Sibonga,702246000,702200000,700000000,105.88011301770996,0,0,0,FALSE,FALSE,NA,365.2476501464844,45837.08203125,0.13703785836696625,0.18479964079855565,6962.3427734375,54.03805888194762,0.21148028810249225
Sogod,702247000,702200000,700000000,112.22938961002639,0,0,0,FALSE,FALSE,NA,306.2521057128906,40806.6875,0.10432630032300949,0.07014660510147319,3270.58837890625,50.07965302787624,4.353834958699105
Tabogon,702248000,702200000,700000000,88.39770497736095,0,0,0,FALSE,FALSE,NA,320.178466796875,33619.51171875,0.08840178698301315,0.13547073641040358,6220.310546875,63.353422410786024,3.8951132902019663
Tabuelan,702249000,702200000,700000000,83.65727831694261,0,0,0,FALSE,FALSE,NA,202.8924560546875,20159.072265625,0.06135807931423187,0.06959599956749139,2392.990234375,59.23946415221058,1.5089408309847385
City of Talisay,702250000,702200000,700000000,42.20703244228495,0,0,0,FALSE,FALSE,NA,4716.95751953125,236069.796875,8.234158515930176,3.6757647981238737,89656.1015625,17.61861398474092,2.7745377509708185
City of Toledo,702251000,702200000,700000000,232.8429550209031,0,0,0,FALSE,FALSE,NA,590.92724609375,163222.96875,1.3270046710968018,0.44292488943870717,8258.4833984375,31.577583203182858,2.9866630313245013
Tuburan,702252000,702200000,700000000,244.47846379633359,0,0,0,FALSE,FALSE,NA,235.56764221191406,68372.7734375,0.04022077098488808,0.095492664004759,1457.1007080078125,44.45040375485879,5.092771018024908
Tudela,702253000,702200000,700000000,33.24210756074968,0,0,0,FALSE,FALSE,NA,117.17982482910156,4618.67138671875,0.023009043186903,0.07761695859176082,7044.24365234375,44.84090387903411,3.0703601926557824
Amlan,704601000,704600000,700000000,59.34709452861956,0,0,0,FALSE,FALSE,NA,280.7847900390625,19727.99609375,0.2777005434036255,0.21738170819285862,7665.466796875,17.45653664853159,5.224381783221536
Ayungon,704602000,704600000,700000000,248.81193210610752,0,0,0,FALSE,FALSE,NA,206.4722900390625,60904.05859375,0.013875470496714115,0.13744692393669036,2729.197021484375,63.96334309266253,10.186944568156365
Bacong,704603000,704600000,700000000,40.4809552858136,0,0,0,FALSE,FALSE,NA,1059.7662353515625,50757.72265625,0.4804464876651764,0.2926490478791162,19155.052734375,10.485251738817654,2.149208882805557
City of Bais,704604000,704600000,700000000,252.78264906724405,0,0,0,FALSE,FALSE,NA,205.744140625,61602.34375,0.10299690067768097,0.0834662950344615,5041.40283203125,41.58223796460549,2.1462696245455306
Basay,704605000,704600000,700000000,168.23690483213423,0,0,0,FALSE,FALSE,NA,156.37344360351562,31165.947265625,0.017967000603675842,0.10414873942732968,1418.59765625,71.16985248636406,5.1306738478742835
City of Bayawan,704606000,704600000,700000000,700.270563240073,0,0,0,FALSE,FALSE,NA,141.18344116210938,117124.1875,0.05052025988698006,0.0790508577305407,2310.13525390625,57.31450432828791,15.324569212411397
Bindoy,704607000,704600000,700000000,156.7313029745483,0,0,0,FALSE,FALSE,NA,244.0556182861328,45334.12890625,0.00800662487745285,0.09940356787950394,2495.274169921875,53.401364065458594,7.260719289919088
City of Canlaon,704608000,704600000,700000000,147.72055133775726,0,0,0,FALSE,FALSE,NA,306.0699768066406,53675.89453125,0.05681127309799194,0.09387963574200932,4558.48095703125,48.83425009560122,0.2008134166342296
Dauin,704609000,704600000,700000000,80.89054144318693,0,0,0,FALSE,FALSE,NA,278.1127014160156,26615.05859375,0.1376555860042572,0.10649437557770752,7435.4306640625,16.725575419998403,4.284634073034345
City of Dumaguete,704610000,704600000,700000000,34.358407959925415,0,0,0,FALSE,FALSE,NA,3233.20556640625,131449.765625,4.5058207511901855,3.1548480816924416,105226.359375,3.9608449500422584,0.8219818680804264
City of Guihulngan,704611000,704600000,700000000,375.5456992416942,0,0,0,FALSE,FALSE,NA,211.36444091796875,94179.65625,0.05857178941369057,0.08956881644135634,2649.004638671875,68.23846947037217,6.843557888240269
Jimalalud,704612000,704600000,700000000,154.96408214732023,0,0,0,FALSE,FALSE,NA,183.62457275390625,33747.27734375,0.02151728980243206,0.04912381846133722,1863.91064453125,77.48186377679869,8.925118449558598
La Libertad,704613000,704600000,700000000,151.6778906506422,0,0,0,FALSE,FALSE,NA,247.0390167236328,44445.91015625,0.014317586086690426,0.11041456479310229,2509.88818359375,79.14170767377338,9.714174813496532
Mabinay,704614000,704600000,700000000,346.50190347840106,0,0,0,FALSE,FALSE,NA,220.299560546875,90468.7734375,0.03211287409067154,0.09094284261985201,3100.326416015625,57.769224811840985,0.6659348795168321
Manjuyod,704615000,704600000,700000000,127.85155510942269,0,0,0,FALSE,FALSE,NA,281.86383056640625,42701.22265625,0.039707671850919724,0.1014604046564617,4172.96044921875,48.51616846235487,7.422886396732444
Pamplona,704616000,704600000,700000000,223.16615681199906,0,0,0,FALSE,FALSE,NA,132.40896606445312,34988.55859375,0.016058826819062233,0.10899127566769187,2185.341552734375,29.997890628731422,0.9320470263748695
San Jose,704617000,704600000,700000000,51.86413097134757,0,0,0,FALSE,FALSE,NA,356.5057373046875,21887.318359375,0.15033523738384247,0.18741291413236366,6256.25048828125,12.503536482970564,3.2998328062083724
Santa Catalina,704618000,704600000,700000000,414.8148606151922,0,0,0,FALSE,FALSE,NA,140.143310546875,68817.1875,0.03290762007236481,0.11397251821999344,1914.1839599609375,39.20678234947666,7.5538351191616995
Siaton,704619000,704600000,700000000,428.1611414084964,0,0,0,FALSE,FALSE,NA,174.56982421875,88433.8515625,0.03645690158009529,0.061783413488688065,2133.602783203125,35.60889925099551,7.626072379607557
Sibulan,704620000,704600000,700000000,159.9347506359782,0,0,0,FALSE,FALSE,NA,291.8141174316406,55242.31640625,0.27677014470100403,0.15319768255119187,8657.7900390625,15.326343216846897,10.86356570458162
City of Tanjay,704621000,704600000,700000000,228.68708662829053,0,0,0,FALSE,FALSE,NA,267.07208251953125,72325.9765625,0.15833863615989685,0.10620721603842509,5698.58544921875,33.720329996429236,6.317906326283669
Tayasan,704622000,704600000,700000000,177.48410666241614,0,0,0,FALSE,FALSE,NA,201.6941680908203,42449.14453125,0.02011912874877453,0.08444350255963963,2451.792236328125,72.01313013424694,9.414556072269272
Valencia,704623000,704600000,700000000,163.02121201759692,0,0,0,FALSE,FALSE,NA,205.1959228515625,39587.88671875,0.3930698037147522,0.17538277650961995,4805.6748046875,16.222097226919832,12.28226974657248
Vallehermoso,704624000,704600000,700000000,92.88059253477216,0,0,0,FALSE,FALSE,NA,321.36260986328125,35427.6796875,0.04911913722753525,0.07015512248639436,2961.708740234375,56.52447222262439,1.6854926044914005
Zamboanguita,704625000,704600000,700000000,153.63516708927582,0,0,0,FALSE,FALSE,NA,110.71707153320312,20123.30859375,0.03495783731341362,0.09245610652439737,2984.604736328125,24.42398565761027,6.45636238591294
Enrique Villanueva,706101000,706100000,700000000,26.350153039621762,0,0,0,FALSE,FALSE,NA,147.06068420410156,4582.453125,0.0017631483497098088,0.10988041013479233,5691.92236328125,37.55862228850319,1.7624602377316783
Larena,706102000,706100000,700000000,41.164657651857425,0,0,0,FALSE,FALSE,NA,227.6964874267578,11083.9404296875,0.18036609888076782,0.14791033454261623,6404.49169921875,34.99676355289714,1.5722722200800097
Lazi,706103000,706100000,700000000,70.60882163212025,0,0,0,FALSE,FALSE,NA,251.17361450195312,20966.41796875,0.08239980041980743,0.10019538075205364,8294.6162109375,39.94101428784378,1.0107744998307189
Maria,706104000,706100000,700000000,56.75706683076665,0,0,0,FALSE,FALSE,NA,183.173828125,12290.8447265625,0.020115988329052925,0.12056680091310222,6045.4326171875,42.59790752749492,0.4109216501180443
San Juan,706105000,706100000,700000000,40.316657253571684,0,0,0,FALSE,FALSE,NA,235.4368896484375,11223.39453125,0.060596100986003876,0.114256145392791,6923.15771484375,31.28339810281619,1.4333973357620569
Siquijor,706106000,706100000,700000000,84.99517481900604,0,0,0,FALSE,FALSE,NA,272.47772216796875,27385.908203125,0.18178080022335052,0.16235154857724157,6859.91796875,30.262673658756018,3.1933198223577444
Arteche,802601000,802600000,800000000,101.4102061193137,0,0,0,FALSE,FALSE,NA,99.23778533935547,11975.5595703125,0.0356350801885128,0.09079223987916855,2140.97265625,79.60331720019468,1.9992017510497935
Balangiga,802602000,802600000,800000000,197.19072192324646,0,0,0,FALSE,FALSE,NA,53.779388427734375,12570.6396484375,0.03259345516562462,0.08509272239086932,1201.0284423828125,36.97724845589407,8.12586423593756
Balangkayan,802603000,802600000,800000000,187.00274088066757,0,0,0,FALSE,FALSE,NA,49.47215270996094,10966.0986328125,0.013898702338337898,0.11175766864811898,769.9847412109375,44.77576865864269,11.48421983034374
City of Borongan,802604000,802600000,800000000,635.4661876509414,0,0,0,FALSE,FALSE,NA,99.86163330078125,75329.984375,0.04495136812329292,0.0934017641348957,1823.1810302734375,52.220509104462835,10.894920836054823
Can-Avid,802605000,802600000,800000000,240.43781782858338,0,0,0,FALSE,FALSE,NA,79.26316833496094,22654.5625,0.022669842466711998,0.10932284506878785,1382.963623046875,85.49340436090453,9.27976003720677
Dolores,802606000,802600000,800000000,311.52085992381285,0,0,0,FALSE,FALSE,NA,125.83274841308594,46613.02734375,0.03302450478076935,0.07429112515320825,1942.0106201171875,85.96484866362125,11.884645593743262
General Macarthur,802607000,802600000,800000000,184.0611577215424,0,0,0,FALSE,FALSE,NA,60.389892578125,13175.5615234375,0.02943474054336548,0.07994932060225066,1176.2847900390625,49.33010369141086,6.671541939939943
Giporlos,802608000,802600000,800000000,93.6885116495605,0,0,0,FALSE,FALSE,NA,117.7481689453125,13072.197265625,0.04640182480216026,0.09756027702343226,2264.015380859375,46.859496401573246,4.1686202587770875
Guiuan,802609000,802600000,800000000,177.58116087673017,0,0,0,FALSE,FALSE,NA,212.23712158203125,44576.10546875,0.1574554145336151,0.0903358367284457,4742.60791015625,88.07221360050302,19.63846705596833
Hernani,802610000,802600000,800000000,49.776698887156385,0,0,0,FALSE,FALSE,NA,108.45384979248047,6398.15576171875,0.0739661455154419,0.10642697999923939,2715.928955078125,62.345328965800945,2.307812208799339
Jipapad,802611000,802600000,800000000,116.91387600671123,0,0,0,FALSE,FALSE,NA,57.644622802734375,8022.74609375,0.012933261692523956,0.08766095326083365,861.23675537109375,67.67682555455231,7.362672542294786
Lawaan,802612000,802600000,800000000,146.39786519816246,0,0,0,FALSE,FALSE,NA,80.70109558105469,14007.38671875,0.05920867249369621,0.08966781826514278,1412.5023193359375,28.439993141246028,6.0496080605354186
Llorente,802613000,802600000,800000000,287.4109479600547,0,0,0,FALSE,FALSE,NA,54.48175811767578,18567.078125,0.017332781106233597,0.09276811367025276,945.99713134765625,48.114452121462875,11.522190683323357
Maslog,802614000,802600000,800000000,305.5938485167162,0,0,0,FALSE,FALSE,NA,14.254706382751465,5182.896484375,0.005128892138600349,0.06899892440106287,263.956298828125,71.276538031305,20.640161062568207
Maydolong,802615000,802600000,800000000,190.62570163031253,0,0,0,FALSE,FALSE,NA,67.6031265258789,15290.103515625,0.024573106318712234,0.11674551770621382,870.77642822265625,45.113152324825805,12.618591920203146
Mercedes,802616000,802600000,800000000,19.97362461299603,0,0,0,FALSE,FALSE,NA,207.33287048339844,4902.6259765625,0.18063925206661224,0.18569701582766185,6350.2685546875,75.64374369319837,1.1047729441635392
Oras,802617000,802600000,800000000,238.35939804272698,0,0,0,FALSE,FALSE,NA,163.4775390625,46346.39453125,0.03358158469200134,0.09223770209382758,2135.2783203125,90.06101205046093,6.019686932683048
Quinapondan,802618000,802600000,800000000,86.19759553673667,0,0,0,FALSE,FALSE,NA,170.96875,17461.396484375,0.08231020718812943,0.10524775986580223,3540.074951171875,52.72203434933451,2.371577497905475
Salcedo,802619000,802600000,800000000,119.43546888804146,0,0,0,FALSE,FALSE,NA,140.7501678466797,19880.66015625,0.04846784099936485,0.08019828046602705,2753.250732421875,66.2180137631647,0.15417610860882236
San Julian,802620000,802600000,800000000,141.0963742809359,0,0,0,FALSE,FALSE,NA,78.70767974853516,13188.18359375,0.0283039677888155,0.09240928488557633,1316.201171875,67.68856651027829,4.74926855217419
San Policarpo,802621000,802600000,800000000,70.81736770315496,0,0,0,FALSE,FALSE,NA,146.112060546875,12306.0439453125,0.08397362381219864,0.10226647802249775,3073.949951171875,94.5026238813154,0.9729953145855927
Sulat,802622000,802600000,800000000,128.35243195135843,0,0,0,FALSE,FALSE,NA,32.93165588378906,5020.732421875,0.036595337092876434,0.08913760529855508,1880.4345703125,73.7648306226708,5.258365569227357
Taft,802623000,802600000,800000000,244.224970288236,0,0,0,FALSE,FALSE,NA,64.79425048828125,18803.40625,0.017999686300754547,0.09736581410858235,1268.1260986328125,79.38023294159709,0.14116820081638531
Abuyog,803701000,803700000,800000000,317.68712841671027,0,0,0,FALSE,FALSE,NA,155.66798400878906,58559.60546875,0.03909464180469513,0.09330660128788668,3298.17138671875,64.80727061180355,0.7631201377500947
Alangalang,803702000,803700000,800000000,155.86979002158105,0,0,0,FALSE,FALSE,NA,314.6927490234375,58219.4921875,0.1527906209230423,0.14699562758037293,6512.0986328125,18.050379690788056,1.9545951031998887
Albuera,803703000,803700000,800000000,77.48956861399098,0,0,0,FALSE,FALSE,NA,384.757568359375,35364.1640625,0.30888617038726807,0.19873464988216458,11635.984375,22.02774636483801,2.0292620050403816
Babatngon,803705000,803700000,800000000,134.99144448646797,0,0,0,FALSE,FALSE,NA,167.55995178222656,26859.08203125,0.1290992647409439,0.09558009088903284,3497.7685546875,22.449124267331648,10.672038683366985
Barugo,803706000,803700000,800000000,85.6414505829848,0,0,0,FALSE,FALSE,NA,378.6307067871094,38454.31640625,0.11123375594615936,0.0849241969167287,8448.083984375,29.56213992857218,0.023448617380913885
Bato,803707000,803700000,800000000,70.61146128544533,0,0,0,FALSE,FALSE,NA,430.49139404296875,35974.1328125,0.112054243683815,0.1439221088716183,7235.30810546875,85.90699563390972,0.4742285790430705
City of Baybay,803708000,803700000,800000000,379.4308703888911,0,0,0,FALSE,FALSE,NA,197.8734893798828,88957.8359375,0.07583054900169373,0.06857363434153631,5183.48193359375,51.638007585930666,1.3510104035582193
Burauen,803710000,803700000,800000000,311.7250633615963,0,0,0,FALSE,FALSE,NA,146.45809936523438,54139.953125,0.042753588408231735,0.10191786811135986,3559.37353515625,32.31325279759144,7.973637367029262
Calubian,803713000,803700000,800000000,89.69806436760803,0,0,0,FALSE,FALSE,NA,188.33255004882812,20089.587890625,0.04047834128141403,0.10613530725628052,4739.138671875,51.18228048331854,6.88833174462481
Capoocan,803714000,803700000,800000000,110.93885419740207,0,0,0,FALSE,FALSE,NA,201.44725036621094,26547.998046875,0.06773093342781067,0.10535973422121807,3802.4765625,25.67311700034664,1.757930990218304
Carigara,803715000,803700000,800000000,88.69455853972056,0,0,0,FALSE,FALSE,NA,417.8710021972656,44011.64453125,0.18377834558486938,0.15107396536345946,10720.5068359375,26.18167252324239,4.154745349994393
Dagami,803717000,803700000,800000000,125.11284634029408,0,0,0,FALSE,FALSE,NA,253.0874481201172,37562.828125,0.06743355095386505,0.10167901185721193,4541.23876953125,24.139819784459018,2.280097201289323
Dulag,803718000,803700000,800000000,78.50137922118658,0,0,0,FALSE,FALSE,NA,502.9930114746094,46810.69921875,0.1557929962873459,0.1402303663211,12791.556640625,29.212105999759316,0.6028630783897713
Hilongos,803719000,803700000,800000000,194.36429706548466,0,0,0,FALSE,FALSE,NA,274.517333984375,63168.37890625,0.07457590848207474,0.07154811209507511,6935.498046875,76.50645125079568,7.158473048609464
Hindang,803720000,803700000,800000000,46.48215831249979,0,0,0,FALSE,FALSE,NA,263.11212158203125,14482.90625,0.09507863223552704,0.0582096791350296,8034.15576171875,69.98930686505707,3.4214292712563426
Inopacan,803721000,803700000,800000000,122.7600922949845,0,0,0,FALSE,FALSE,NA,108.84808349609375,15824.8037109375,0.015185358934104443,0.07981621574482697,2755.70458984375,66.07688768618638,5.827286769022629
Isabel,803722000,803700000,800000000,65.13888562008381,1,1,424.7,TRUE,FALSE,1982,533.92730712890625,41275.07421875,1.1317100524902344,0.17945104820207897,16934.853515625,19.16507201856075,1.0391680222038404
Jaro,803723000,803700000,800000000,187.95153654577896,0,0,0,FALSE,FALSE,NA,193.0997772216797,43077.68359375,0.05091935768723488,0.10243044378557552,3481.93212890625,24.9087627201122,4.318619229410872
Javier,803724000,803700000,800000000,178.2892792205569,0,0,0,FALSE,FALSE,NA,118.5166015625,25037.240234375,0.020319873467087746,0.09715540697951867,3438.299072265625,51.675020371441214,5.005031731822039
Julita,803725000,803700000,800000000,36.090882289850406,0,0,0,FALSE,FALSE,NA,268.0518493652344,11470.3427734375,0.10812640190124512,0.12681255257442312,9725.5400390625,29.514427570388904,0.2861646934640238
Kananga,803726000,803700000,800000000,233.7803105741823,0,0,0,FALSE,FALSE,NA,206.28488159179688,57264.8984375,0.3006649613380432,0.16940680325225854,5239.140625,14.361148961952926,4.300719647217842
La Paz,803728000,803700000,800000000,95.32109003992535,0,0,0,FALSE,FALSE,NA,158.66709899902344,17928.953125,0.028782052919268608,0.09015775736488403,4469.4814453125,39.88007458514353,3.3324101904866206
Leyte,803729000,803700000,800000000,181.28718349493337,0,0,0,FALSE,FALSE,NA,170.51731872558594,36734.953125,0.020462514832615852,0.08814510505073161,3949.0703125,32.216716876731866,0.20475281504118106
Macarthur,803730000,803700000,800000000,71.35993957011422,0,0,0,FALSE,FALSE,NA,263.3961486816406,22276.048828125,0.044376473873853683,0.09625601337035146,7943.521484375,45.73710312496923,0.07041080517379522
Mahaplag,803731000,803700000,800000000,190.32130927091856,0,0,0,FALSE,FALSE,NA,109.99003601074219,24788.158203125,0.009546712972223759,0.11259586127523726,2732.591552734375,68.40026154266404,0.17896910969863952
Matag-Ob,803733000,803700000,800000000,70.44350164924694,0,0,0,FALSE,FALSE,NA,238.6529083251953,19965.384765625,0.032583776861429214,0.11691406379038544,5767.05029296875,13.915555501178169,7.006384038744529
Matalom,803734000,803700000,800000000,131.25295065876819,0,0,0,FALSE,FALSE,NA,209.9467315673828,32607.51171875,0.021383002400398254,0.08002026560258581,3451.064453125,91.10913473854357,4.805061372313953
Mayorga,803735000,803700000,800000000,41.483945425609825,0,0,0,FALSE,FALSE,NA,334.88427734375,16465.69140625,0.06549546122550964,0.12419548630180863,10444.7392578125,38.55935405565603,1.4022710903301823
Merida,803736000,803700000,800000000,106.89772094442081,0,0,0,FALSE,FALSE,NA,215.31854248046875,27316.306640625,0.06679079681634903,0.09289374314292217,5882.83056640625,12.77193460320917,3.455717316164873
Ormoc City,803738000,803700000,800000000,542.939607786212,0,0,0,FALSE,FALSE,NA,344.340087890625,221879.234375,0.40277037024497986,0.1596432320546838,8607.626953125,9.671171499219872,5.258128611420257
Palo,803739000,803700000,800000000,81.40365949397739,0,0,0,FALSE,FALSE,NA,899.8453369140625,86891.328125,0.6213517189025879,0.2478772211302926,19563.75390625,9.79951275809294,0.8410367040350119
Palompon,803740000,803700000,800000000,152.7333966709039,0,0,0,FALSE,FALSE,NA,297.24371337890625,53900.5078125,0.08786856383085251,0.11934701167979443,7709.66796875,15.25131209337283,0.572949946202726
Pastrana,803741000,803700000,800000000,46.2712296747632,0,0,0,FALSE,FALSE,NA,294.79693603515625,16184.0703125,0.1526976227760315,0.1462779888109745,5796.875,19.11961730124093,0.39614633872971333
San Isidro,803742000,803700000,800000000,127.57126496281195,0,0,0,FALSE,FALSE,NA,159.9596405029297,24264.59375,0.027695419266819954,0.09112071643667367,4265.49072265625,47.7048728070141,2.6434445547712464
San Miguel,803743000,803700000,800000000,112.83517639725056,0,0,0,FALSE,FALSE,NA,157.87901306152344,21152.34765625,0.0535079725086689,0.10581210792547578,3136.810302734375,22.63894328254977,3.367979293686331
Santa Fe,803744000,803700000,800000000,41.740148840006576,0,0,0,FALSE,FALSE,NA,422.5723876953125,20929.404296875,0.179698646068573,0.17356543654753612,9009.5107421875,12.108810435453062,0.08976407089172822
Tabango,803745000,803700000,800000000,130.41081735861977,0,0,0,FALSE,FALSE,NA,201.21865844726562,31186.599609375,0.04684153199195862,0.07157968898898243,4098.6669921875,33.38537723033455,2.634936514002771
Tabontabon,803746000,803700000,800000000,25.875558813334827,0,0,0,FALSE,FALSE,NA,381.17767333984375,11697.1162109375,0.09906839579343796,0.14666391698039602,9705.666015625,22.599475209108398,4.09603424481313
Tanauan,803748000,803700000,800000000,67.44235855325692,1,1,66.63,TRUE,FALSE,NA,734.35968017578125,58736.015625,0.3020775318145752,0.20904322749046914,15321.8466796875,16.448681980183288,1.1051505818434741
Tolosa,803749000,803700000,800000000,22.704164071968858,0,0,0,FALSE,FALSE,NA,660.99822998046875,17794.306640625,0.4056183993816376,0.2643351446599878,20075.7578125,21.372997693845754,1.1187233481638204
Tunga,803750000,803700000,800000000,8.827479707640826,0,0,0,FALSE,FALSE,NA,412.2906494140625,4321.29345703125,0.3383293151855469,0.3323431453997514,21226.263671875,29.534317891125376,1.2124751836642806
Villaba,803751000,803700000,800000000,151.87291464039305,0,0,0,FALSE,FALSE,NA,214.83712768554688,38761.17578125,0.03521755337715149,0.10083286948515968,4481.86767578125,22.112469622029337,4.624563724787102
Allen,804801000,804800000,800000000,44.60410084734292,0,0,0,FALSE,FALSE,NA,435.8390197753906,23209.03125,0.1818026602268219,0.1136643044564035,6436.6875,36.45431491792186,0.25534376467264397
Biri,804802000,804800000,800000000,26.104523682346972,0,0,0,FALSE,FALSE,NA,191.2988739013672,5964.17626953125,0.021165337413549423,0.08385136059979148,3953.00927734375,31.791934241433697,13.946783121835153
Bobon,804803000,804800000,800000000,120.20915245427113,0,0,0,FALSE,FALSE,NA,140.14732360839844,20091.951171875,0.05931234359741211,0.10824905053229003,2454.85693359375,13.455865305923066,8.884698967107594
Capul,804804000,804800000,800000000,34.13581486770658,0,0,0,FALSE,FALSE,NA,313.4974670410156,12775.2861328125,0.02253567986190319,0.10178575199057686,3548.70458984375,52.11646527804268,14.146641208078062
Catarman,804805000,804800000,800000000,304.1928984395367,0,0,0,FALSE,FALSE,NA,250.33828735351562,90824.2109375,0.14622686803340912,0.10069769512487012,4362.16650390625,8.702958402395312,0.39299878413290684
Catubig,804806000,804800000,800000000,243.2065628222271,0,0,0,FALSE,FALSE,NA,149.82765197753906,43408.89453125,0.014668374322354794,0.10050666787824043,1817.48876953125,51.344414660704075,7.749183995455889
Gamay,804807000,804800000,800000000,85.0665684195436,0,0,0,FALSE,FALSE,NA,210.2085418701172,21292.978515625,0.0460813008248806,0.09576646141361601,3301.12109375,69.29946641028887,3.623636645791606
Laoang,804808000,804800000,800000000,206.82028426509694,0,0,0,FALSE,FALSE,NA,208.61203002929688,51434.91796875,0.03024059161543846,0.09559225961860084,3234.65234375,42.78062237843648,2.816593176879833
Lapinig,804809000,804800000,800000000,48.59032282154278,0,0,0,FALSE,FALSE,NA,177.33035278320312,10256.6259765625,0.054172221571207047,0.11849036012414568,2446.021240234375,73.9413509432967,0.13272750791852347
Las Navas,804810000,804800000,800000000,283.28367469333904,0,0,0,FALSE,FALSE,NA,159.61685180664062,53856.23828125,0.00841000396758318,0.09671297179010231,1700.863525390625,47.79603510148641,17.52089171792885
Lavezares,804811000,804800000,800000000,103.85854018168506,0,0,0,FALSE,FALSE,NA,212.3983154296875,26335.201171875,0.05423096567392349,0.08166392285622791,2715.3388671875,30.19867429051604,0.034468521734368734
Mapanas,804812000,804800000,800000000,132.32585646482045,0,0,0,FALSE,FALSE,NA,73.89067840576172,11646.6513671875,0.013609250076115131,0.09181865316974754,1424.1669921875,62.90874284549201,6.223889281909971
Mondragon,804813000,804800000,800000000,303.0904444124956,0,0,0,FALSE,FALSE,NA,108.10887145996094,39066.26171875,0.06017514690756798,0.08524402384967586,1553.4517822265625,17.909343091737313,11.410419182298575
Palapag,804814000,804800000,800000000,179.11660085367055,0,0,0,FALSE,FALSE,NA,180.55633544921875,38540.08984375,0.028423745185136795,0.09896952408909147,2787.58984375,55.461391709443014,4.132064771240958
Pambujan,804815000,804800000,800000000,162.72126065227158,0,0,0,FALSE,FALSE,NA,188.21102905273438,36506.63671875,0.037946783006191254,0.08914019593084539,2566.888427734375,33.23442995684302,8.821804182646176
Rosario,804816000,804800000,800000000,60.88347869964432,0,0,0,FALSE,FALSE,NA,200.58328247070312,14575.8603515625,0.037703342735767365,0.07959957771075014,1625.111083984375,22.255786988294222,1.313555656637603
San Antonio,804817000,804800000,800000000,28.405240407566872,0,0,0,FALSE,FALSE,NA,232.85362243652344,7894.0712890625,0.03021656908094883,0.0957808896088911,2621.218017578125,41.79213003616858,6.365610176731304
San Isidro,804818000,804800000,800000000,182.4608184036498,0,0,0,FALSE,FALSE,NA,105.76981353759766,23021.91015625,0.06407695263624191,0.08679416850623252,1350.5220947265625,31.09679376828788,6.252675736980806
San Jose,804819000,804800000,800000000,81.40274673855018,0,0,0,FALSE,FALSE,NA,157.13784790039062,15264.3046875,0.055177219212055206,0.06534624631883396,2293.15087890625,16.327674497551538,3.5511141483983906
San Roque,804820000,804800000,800000000,169.58594898987425,0,0,0,FALSE,FALSE,NA,200.30625915527344,40498.640625,0.03870479762554169,0.08638496112884278,2131.738037109375,25.99980533021675,7.069250556169252
San Vicente,804821000,804800000,800000000,18.26868150587678,0,0,0,FALSE,FALSE,NA,268.44720458984375,5853.7373046875,0,0,2747.617431640625,47.020232341075626,25.985741071513626
Silvino Lobos,804822000,804800000,800000000,256.84599532500744,0,0,0,FALSE,FALSE,NA,53.33587646484375,16321.501953125,0.0013369751395657659,0.08815467601092278,758.4981689453125,34.62457300032464,22.88832631463217
Victoria,804823000,804800000,800000000,135.19392004549792,0,0,0,FALSE,FALSE,NA,95.71671295166016,15441.310546875,0.015501354821026325,0.07498978826776229,1137.1407470703125,26.818735915692834,8.248717178869548
Lope De Vega,804824000,804800000,800000000,244.4199375912146,0,0,0,FALSE,FALSE,NA,72.37012481689453,21087.439453125,0.005525736603885889,0.09908014209272012,380.1822204589844,20.8334424477602,0.004194525084553496
Almagro,806001000,806000000,800000000,24.387933939204785,0,0,0,FALSE,FALSE,NA,492.4586486816406,14302.1845703125,0,0,3459.711669921875,30.107125798155906,26.97696933736239
Basey,806002000,806000000,800000000,598.9520976585753,0,0,0,FALSE,FALSE,NA,70.972198486328125,50449.13671875,0.013488863594830036,0.09335755534696842,1190.595947265625,22.74793417445878,10.935988224088034
City of Calbayog,806003000,806000000,800000000,879.22068942426165,0,0,0,FALSE,FALSE,NA,177.41754150390625,185897.65625,0.07008817046880722,0.07596177809333264,2600.923095703125,13.872790178020402,0.7197336357795092
Calbiga,806004000,806000000,800000000,196.8921128143877,0,0,0,FALSE,FALSE,NA,96.0865478515625,22470.791015625,0.03580561652779579,0.13018775042780462,1809.041748046875,42.25294725820566,7.126520960329047
City of Catbalogan,806005000,806000000,800000000,170.14848845011142,0,0,0,FALSE,FALSE,NA,391.6846618652344,79268.4296875,0.22457268834114075,0.10971544198798468,5890.57080078125,45.45968134602544,4.157081462877213
Daram,806006000,806000000,800000000,104.72019799306388,0,0,0,FALSE,FALSE,NA,272.0595703125,33869.76953125,0.03179044649004936,0.08383408547834596,3544.661865234375,52.17305653931704,19.464726636528194
Gandara,806007000,806000000,800000000,305.88375832808725,0,0,0,FALSE,FALSE,NA,97.322265625,35443.66796875,0.013695006258785725,0.08925236914605064,1495.853759765625,29.969946579133662,6.0359098231171044
Hinabangan,806008000,806000000,800000000,402.5045501282301,0,0,0,FALSE,FALSE,NA,26.83740234375,12833.982421875,0.007602762896567583,0.09560568602090135,562.12005615234375,57.10625760387114,10.580473943017397
Jiabong,806009000,806000000,800000000,122.19099501922788,0,0,0,FALSE,FALSE,NA,159.82701110839844,23225.138671875,0.02535346895456314,0.15293535404068292,1864.2596435546875,52.7605820726646,7.7054782660657235
Marabut,806010000,806000000,800000000,137.57350241980367,0,0,0,FALSE,FALSE,NA,95.93018341064453,15650.27734375,0.030688319355249405,0.08889391386618783,1349.1883544921875,20.850343303570092,3.110404300311011
Matuguinao,806011000,806000000,800000000,377.02407178761206,0,0,0,FALSE,FALSE,NA,16.871511459350586,7573.56591796875,0.0019851243123412132,0.08394220300708528,147.82888793945312,52.62146772186825,29.384158048195324
Motiong,806012000,806000000,800000000,126.13050350365224,0,0,0,FALSE,FALSE,NA,124.82414245605469,18725.107421875,0.02106829546391964,0.10464428611385963,1817.840087890625,54.43504760171803,12.663020993261172
Pinabacdao,806013000,806000000,800000000,99.52494662240335,0,0,0,FALSE,FALSE,NA,186.26014709472656,22017.8515625,0.046167999505996704,0.10306520825022392,1979.2484130859375,35.23157022005254,2.9917517969516654
San Jose De Buan,806014000,806000000,800000000,299.1454582719466,0,0,0,FALSE,FALSE,NA,16.9616756439209,6037.81494140625,6.401239661499858e-4,0.0993820129355796,315.31719970703125,55.849369798801895,26.14698394015488
San Sebastian,806015000,806000000,800000000,32.68178195228026,0,0,0,FALSE,FALSE,NA,274.9927062988281,10680.740234375,0.04007242992520332,0.10655413498812145,3900.927734375,52.02103989412842,2.182586823216564
Santa Margarita,806016000,806000000,800000000,126.56763884731349,0,0,0,FALSE,FALSE,NA,176.3256072998047,26575.998046875,0.06384681910276413,0.11588755860530532,2665.52880859375,18.335349868367217,3.046413078515904
Santa Rita,806017000,806000000,800000000,245.06882578180367,0,0,0,FALSE,FALSE,NA,157.98403930664062,45972.46484375,0.03053716942667961,0.08245592446792173,2099.559326171875,22.970049771429693,0.9927701096094866
Santo Niño,806018000,806000000,800000000,30.08818687337268,0,0,0,FALSE,FALSE,NA,264.9227294921875,9492.95703125,0,0,3211.39013671875,20.203466464720083,20.17690957654783
Talalora,806019000,806000000,800000000,27.14724574960693,0,0,0,FALSE,FALSE,NA,190.22979736328125,6135.8427734375,0.044629745185375214,0.1099323614888444,2465.744384765625,36.8704309541562,17.78130217630661
Tarangnan,806020000,806000000,800000000,87.1119353757659,0,0,0,FALSE,FALSE,NA,169.43978881835938,17563.625,0.012410269118845463,0.09510302787092996,2469.467529296875,31.9290961840724,3.6918283948540838
Villareal,806021000,806000000,800000000,131.41992582546374,0,0,0,FALSE,FALSE,NA,153.17742919921875,23914.02734375,0.04350471496582031,0.09428435351413872,2559.320556640625,35.7096667938123,7.171309310624866
Paranas,806022000,806000000,800000000,515.0677276277697,0,0,0,FALSE,FALSE,NA,50.55109786987305,30955.822265625,0.01671735942363739,0.09360787192170938,843.47186279296875,67.20965903219764,7.246982386993526
Zumarraga,806023000,806000000,800000000,35.40865939049029,0,0,0,FALSE,FALSE,NA,251.77297973632812,10597.38671875,0.03455048426985741,0.1064145134289504,4624.10302734375,51.50335630846167,12.074914303702846
Tagapul-An,806024000,806000000,800000000,28.741526372729744,0,0,0,FALSE,FALSE,NA,128.531494140625,4403.90087890625,0,0,2288.539306640625,38.72880568976672,21.340237228932516
San Jorge,806025000,806000000,800000000,269.7357897122237,0,0,0,FALSE,FALSE,NA,76.86723327636719,24673.189453125,0.018064863979816437,0.08346709196589172,1011.9134521484375,40.27077289731819,7.22198757582395
Pagsanghan,806026000,806000000,800000000,33.33411721009061,0,0,0,FALSE,FALSE,NA,188.45616149902344,7477.6123046875,0.05415787920355797,0.11821108794292254,3394.69921875,25.76287384455201,2.1355292826773757
Anahawan,806401000,806400000,800000000,34.7770800422434,0,0,0,FALSE,FALSE,NA,141.34597778320312,5811.552734375,0.04619000852108002,0.11943183652607027,2346.30029296875,65.15103902187678,3.1491488094350184
Bontoc,806402000,806400000,800000000,125.49815686115691,0,0,0,FALSE,FALSE,NA,184.4370574951172,27394.140625,0.026490677148103714,0.1265394921152105,4061.420654296875,84.31906474079453,5.344061360064251
Hinunangan,806403000,806400000,800000000,168.84088732237586,0,0,0,FALSE,FALSE,NA,139.45057678222656,27850.00390625,0.024581074714660645,0.11060231698760804,2899.63525390625,78.28246609909775,4.567717255498125
Hinundayan,806404000,806400000,800000000,41.71451231318685,0,0,0,FALSE,FALSE,NA,218.84292602539062,10794.5576171875,0.03701213002204895,0.09993347151980006,6301.32666015625,70.57582386630607,1.5160492034559303
Libagon,806405000,806400000,800000000,105.88358099095605,0,0,0,FALSE,FALSE,NA,92.60662078857422,11598.9033203125,0.011944827623665333,0.1003633512666883,1684.921630859375,78.087725443971,2.9460899740935083
Liloan,806406000,806400000,800000000,87.28752333083038,0,0,0,FALSE,FALSE,NA,188.2593994140625,19421.908203125,0.023074917495250702,0.07732298999344807,2394.513916015625,54.61343310416708,3.984463739723579
City of Maasin,806407000,806400000,800000000,205.34082671787235,0,0,0,FALSE,FALSE,NA,289.17974853515625,70243.2578125,0.1628318876028061,0.10667415175177741,6186.4140625,82.95784157690008,5.743702238936509
Macrohon,806408000,806400000,800000000,66.73375997586952,0,0,0,FALSE,FALSE,NA,301.0795593261719,23756.046875,0.09906895458698273,0.10297569823394415,5890.48828125,69.13345504732169,1.7539622503958254
Malitbog,806409000,806400000,800000000,85.61465126658449,0,0,0,FALSE,FALSE,NA,229.0931396484375,23194.80078125,0.030879633501172066,0.0940372027621392,2791.997802734375,72.40646819253499,2.4997239761347085
Padre Burgos,806410000,806400000,800000000,27.659595029631504,0,0,0,FALSE,FALSE,NA,193.8538055419922,6338.3837890625,0.062182556837797165,0.13046705208664694,4493.216796875,62.533920858245644,1.6786151970918937
Pintuyan,806411000,806400000,800000000,45.104379682310295,0,0,0,FALSE,FALSE,NA,115.85894012451172,6172.13623046875,0.030625268816947937,0.06656607570877754,1817.544677734375,35.86136622877913,1.1496658725739335
Saint Bernard,806412000,806400000,800000000,87.09267141635787,0,0,0,FALSE,FALSE,NA,203.0336151123047,20913.595703125,0.036276452243328094,0.09024102984333195,3929.04345703125,74.02860057798584,3.110351690939357
San Francisco,806413000,806400000,800000000,55.69815776180594,0,0,0,FALSE,FALSE,NA,171.1389923095703,11263.6513671875,0.016272762790322304,0.08422168304570708,2352.7333984375,48.79220341273944,1.2387804400616977
San Juan,806414000,806400000,800000000,30.806504428182404,0,0,0,FALSE,FALSE,NA,289.8279724121094,10556.53515625,0.09667488187551498,0.10278730364651534,5706.0634765625,65.57946759089863,1.6461170899753546
San Ricardo,806415000,806400000,800000000,38.18684643732967,0,0,0,FALSE,FALSE,NA,187.97592163085938,8478.1884765625,0.027068432420492172,0.04595016918931807,2400.0126953125,35.60919187916599,3.703263072470474
Silago,806416000,806400000,800000000,170.07418493840814,0,0,0,FALSE,FALSE,NA,59.05626678466797,11886.14453125,0.007792321033775806,0.09675170303014291,1221.720458984375,79.90548345313756,2.983421873883227
Sogod,806417000,806400000,800000000,220.6712231395683,0,0,0,FALSE,FALSE,NA,174.25335693359375,45510.484375,0.06338945776224136,0.0822316524285644,3710.027099609375,82.33847689263315,1.2850967564193547
Tomas Oppus,806418000,806400000,800000000,59.57344439169665,0,0,0,FALSE,FALSE,NA,129.62994384765625,9135.890625,0.0365440808236599,0.12322324883209156,3247.835205078125,81.76363480270108,3.242858400007578
Limasawa,806419000,806400000,800000000,6.850794632395063,0,0,0,FALSE,FALSE,NA,361.7325744628906,2927.79345703125,1.0788011422846466e-4,0.13681916892528534,8885.3857421875,49.023250965429476,12.586376566750918
Almeria,807801000,807800000,800000000,50.9214153661819,0,0,0,FALSE,FALSE,NA,323.1070556640625,19575.767578125,0.09150958061218262,0.13957896386080557,5371.8525390625,50.866399550102344,2.6170368819463508
Biliran,807802000,807800000,800000000,61.99456031200826,0,0,0,FALSE,FALSE,NA,221.03076171875,16293.32421875,0.08256831765174866,0.09884756909009715,5441.724609375,50.337310231822784,2.801219627882035
Cabucgayan,807803000,807800000,800000000,59.21152948449947,0,0,0,FALSE,FALSE,NA,239.00607299804688,16824.7109375,0.04738689959049225,0.09807790495119224,4951.62646484375,49.53920672790943,2.8659558254580024
Caibiran,807804000,807800000,800000000,77.78085545138015,0,0,0,FALSE,FALSE,NA,224.22000122070312,20738.380859375,0.04759274423122406,0.11386258196677587,4160.5,55.89969232445425,0.1256931313489209
Culaba,807805000,807800000,800000000,84.98889522533351,0,0,0,FALSE,FALSE,NA,145.80694580078125,14740.8125,0.03177497535943985,0.08126649907856402,2418.427001953125,48.49148036571101,3.465145486001666
Kawayan,807806000,807800000,800000000,70.4357112475449,0,0,0,FALSE,FALSE,NA,230.5375518798828,19317.001953125,0.05211993306875229,0.0766561543089003,3532.806640625,45.880362993488276,2.9828017986061086
Maripipi,807807000,807800000,800000000,29.18357981675166,0,0,0,FALSE,FALSE,NA,113.9073486328125,3957.939697265625,0,0,2206.0830078125,39.66383380588398,12.024172029504273
Naval,807808000,807800000,800000000,99.160163368074,0,0,0,FALSE,FALSE,NA,519.53009033203125,61275.2265625,0.19976317882537842,0.16534620637517242,11613.736328125,56.96003283380296,0.5686158434847113
City of Dapitan,907201000,907200000,900000000,220.63285233719586,0,0,0,FALSE,FALSE,NA,313.4747314453125,81665.765625,0.19263099133968353,0.0808041855298752,3796.4716796875,11.195771196199287,2.837646309876969
City of Dipolog,907202000,907200000,900000000,118.75205235952453,0,0,0,FALSE,FALSE,NA,920.477783203125,129057.6015625,0.5345252752304077,0.14196034018512205,20975.90625,10.770632129768575,1.287238127173373
Katipunan,907203000,907200000,900000000,233.16035198766335,0,0,0,FALSE,FALSE,NA,188.56324768066406,51900.01953125,0.014531983993947506,0.10054308370030171,1721.378662109375,23.621252096613212,10.597432925721792
La Libertad,907204000,907200000,900000000,54.95302311722502,0,0,0,FALSE,FALSE,NA,100.70133209228516,6531.1875,0,0,1448.1490478515625,25.753008504965734,6.718604684120816
Labason,907205000,907200000,900000000,159.65211126583296,0,0,0,FALSE,FALSE,NA,181.34083557128906,34174.953125,0.02948909066617489,0.1338288456268491,3616.798828125,104.90599577157856,2.766872149383948
Liloy,907206000,907200000,900000000,122.68099303726646,0,0,0,FALSE,FALSE,NA,290.37646484375,42049.91015625,0.06515385210514069,0.12097975547157716,5801.40185546875,91.0604710917436,0.15223952964897047
Manukan,907207000,907200000,900000000,147.03665310916222,0,0,0,FALSE,FALSE,NA,217.30162048339844,37731.87109375,0.021717118099331856,0.08138205069624543,2144.34912109375,29.94925455315828,5.890422125648041
Mutia,907208000,907200000,900000000,88.66567918138473,0,0,0,FALSE,FALSE,NA,110.14608001708984,11524.1962890625,0.018298152834177017,0.12249476703560061,1263.134521484375,31.053329907371783,7.302836607750367
Piñan,907209000,907200000,900000000,123.34293550295646,0,0,0,FALSE,FALSE,NA,193.12246704101562,28113.578125,0.03425233066082001,0.11402471338378757,1845.212646484375,23.59411087561187,4.185701393829032
Polanco,907210000,907200000,900000000,161.1594814133161,0,0,0,FALSE,FALSE,NA,271.197509765625,51592.68359375,0.03592309728264809,0.08530970313723998,2999.614990234375,17.20760287478754,3.0016601155677303
Pres. Manuel A. Roxas,907211000,907200000,900000000,233.3927718052364,0,0,0,FALSE,FALSE,NA,148.16490173339844,40828.87109375,0.042661815881729126,0.10337912098863385,1683.5494384765625,26.20560709221757,11.115758912845044
Rizal,907212000,907200000,900000000,67.13844904091549,0,0,0,FALSE,FALSE,NA,170.4349365234375,13508.0576171875,0,0,2304.490234375,22.146441352784848,2.502047842050783
Salug,907213000,907200000,900000000,144.68653144070507,0,0,0,FALSE,FALSE,NA,179.3980712890625,30634.4140625,0.021938852965831757,0.10398702875617416,2396.687255859375,78.38898200483231,4.267720337495588
Sergio Osmeña Sr.,907214000,907200000,900000000,371.48285102898865,0,0,0,FALSE,FALSE,NA,62.59211349487305,27436.4140625,0.01121099665760994,0.09443531152160387,903.207763671875,34.94973293722588,8.9737408686773
Siayan,907215000,907200000,900000000,482.52616989075574,0,0,0,FALSE,FALSE,NA,63.985313415527344,36431.73046875,0,0,511.6287536621094,51.676637777494854,6.780443363041174
Sibuco,907216000,907200000,900000000,598.3964296836838,0,0,0,FALSE,FALSE,NA,60.656211853027344,42788.7109375,9.254694450646639e-4,0.13140406112544142,505.36920166015625,42.471876487577106,0.9739723605015965
Sibutad,907217000,907200000,900000000,68.44891480732062,0,0,0,FALSE,FALSE,NA,189.91571044921875,15348.697265625,0,0,2563.7939453125,15.95763625605878,6.948481983253846
Sindangan,907218000,907200000,900000000,445.3441967580613,0,0,0,FALSE,FALSE,NA,212.7559051513672,111828.328125,0.019149210304021835,0.1030746393958566,2450.451416015625,57.15322164340719,3.1838382228587245
Siocon,907219000,907200000,900000000,371.73304456594633,0,0,0,FALSE,FALSE,NA,109.32506561279297,47944.5625,0.015579113736748695,0.0963078047195855,1896.696533203125,86.28260962507336,8.268977837932182
Sirawai,907220000,907200000,900000000,270.0657105803817,0,0,0,FALSE,FALSE,NA,140.00433349609375,44593.2421875,0.012681216932833195,0.10358720441701022,1153.2349853515625,70.20558905163563,6.19333262995535
Tampilisan,907221000,907200000,900000000,144.66257927578604,0,0,0,FALSE,FALSE,NA,170.65377807617188,29131.8203125,0.025269536301493645,0.11078096865965129,2936.811767578125,87.22977729273853,2.6591336765047022
Jose Dalman,907222000,907200000,900000000,134.20501740153009,0,0,0,FALSE,FALSE,NA,144.84030151367188,22952.73828125,0.027773860841989517,0.10576452196413899,1675.2232666015625,38.94240062218716,5.943264307403857
Gutalac,907223000,907200000,900000000,398.87392707018944,0,0,0,FALSE,FALSE,NA,75.08857727050781,35352.546875,0.002920587779954076,0.12796321769293353,990.99267578125,118.36966946251883,2.1161128469981914
Baliguian,907224000,907200000,900000000,391.61162389834305,0,0,0,FALSE,FALSE,NA,37.91149139404297,17520.3359375,0.0044226874597370625,0.09775179712762527,454.6515197753906,101.53497472419944,4.197658806340356
Godod,907225000,907200000,900000000,237.78395229565447,0,0,0,FALSE,FALSE,NA,79.70770263671875,22363.70703125,0.004274479579180479,0.09439558576673443,722.94525146484375,71.56244033521543,12.965349947077295
Leon T. Postigo,907226000,907200000,900000000,250.87154170569116,0,0,0,FALSE,FALSE,NA,97.3766098022461,28825.6015625,0.007229123264551163,0.10666064302808732,642.5711669921875,62.43994999234942,10.484336123670717
Kalawit,907227000,907200000,900000000,248.98193663192566,0,0,0,FALSE,FALSE,NA,53.90465545654297,15839.4814453125,0,0,1257.2130126953125,102.66202191523597,7.337332990708821
Aurora,907302000,907300000,900000000,160.75005936241328,0,0,0,FALSE,FALSE,NA,276.26519775390625,52343.1015625,0.03554809093475342,0.07684462773847651,5856.96630859375,19.25877534083607,0.05890431154183595
Bayog,907303000,907300000,900000000,265.58623829097013,0,0,0,FALSE,FALSE,NA,96.84235382080078,30334.16015625,0.002412708243355155,0.10138616319543058,1298.8282470703125,47.76475671754945,15.984678767121373
Dimataling,907305000,907300000,900000000,110.36394348977939,0,0,0,FALSE,FALSE,NA,213.53228759765625,27760.046875,0,0,3859.586669921875,36.313007320960004,31.62115941637902
Dinas,907306000,907300000,900000000,166.71155635753266,0,0,0,FALSE,FALSE,NA,195.7032928466797,38433.77734375,0.015607179142534733,0.1321798244970143,2447.3427734375,25.593326889232607,20.901989569641
Dumalinao,907307000,907300000,900000000,127.31907268030079,0,0,0,FALSE,FALSE,NA,251.35948181152344,37715.4296875,0.01953963376581669,0.18047027062017182,3551.29248046875,9.948619711977061,5.012268295063125
Dumingag,907308000,907300000,900000000,304.1863582733486,0,0,0,FALSE,FALSE,NA,130.0502166748047,46671.04296875,0.01188723836094141,0.10342939152196362,3344.42041015625,42.115560590106114,1.9188725083507936
Kumalarang,907311000,907300000,900000000,134.38391235151502,0,0,0,FALSE,FALSE,NA,200.37416076660156,31744.427734375,0,0,2480.073486328125,35.93161092928123,1.2700825992824287
Labangan,907312000,907300000,900000000,160.29386132363484,0,0,0,FALSE,FALSE,NA,232.47555541992188,43927.671875,0.027776643633842468,0.1512525423762646,5208.9306640625,10.055208657242979,7.582543912097885
Lapuyan,907313000,907300000,900000000,156.61665986296285,0,0,0,FALSE,FALSE,NA,133.7095184326172,24676.498046875,0,0,1517.1719970703125,33.04578475609346,9.921775194563143
Mahayag,907315000,907300000,900000000,185.51659073059193,0,0,0,FALSE,FALSE,NA,188.9858856201172,41353.30078125,0.021241409704089165,0.1384713066652516,3806.75244140625,36.509664230942604,1.2127642530886735
Margosatubig,907317000,907300000,900000000,84.50750090729282,0,0,0,FALSE,FALSE,NA,288.39202880859375,28716.423828125,0.01572490483522415,0.08601865521832074,3181.32861328125,41.13649955841332,20.564240008738384
Midsalip,907318000,907300000,900000000,280.908883676379,0,0,0,FALSE,FALSE,NA,101.31526947021484,33566.75,0.003492574905976653,0.07689757849848346,1320.7408447265625,31.51171340685667,15.374694357322044
Molave,907319000,907300000,900000000,107.20792993470826,0,0,0,FALSE,FALSE,NA,449.04217529296875,56778.83203125,0.1828419417142868,0.1334301414902155,8162.2314453125,37.847322058881424,1.6970906074764873
City of Pagadian,907322000,907300000,900000000,275.1525820495178,0,0,0,FALSE,FALSE,NA,807.6624755859375,261978.140625,0.22731342911720276,0.10900818488869209,12286.5908203125,14.037394189301144,6.4739179303629735
Ramon Magsaysay,907323000,907300000,900000000,97.10584293129571,0,0,0,FALSE,FALSE,NA,282.7784729003906,32376.33203125,0,0,3646.335693359375,21.352935135856903,3.535267194875229
San Miguel,907324000,907300000,900000000,92.63884407643303,0,0,0,FALSE,FALSE,NA,193.86572265625,21164.755859375,0.01604541204869747,0.1117768196834246,2812.323486328125,25.948661898136663,13.540793954297627
San Pablo,907325000,907300000,900000000,103.11914092620587,0,0,0,FALSE,FALSE,NA,213.2728271484375,25909.9453125,0,0,2888.929931640625,16.682124224726834,16.020639903614413
Tabina,907327000,907300000,900000000,67.26964882565717,0,0,0,FALSE,FALSE,NA,252.9103546142578,20033.169921875,0,0,4229.82373046875,45.26121653856415,44.19550638397023
Tambulig,907328000,907300000,900000000,138.8749276233221,0,0,0,FALSE,FALSE,NA,227.20916748046875,37202.21484375,0.03897031769156456,0.09235280089897306,3810.74658203125,28.12718387701332,0.37063567209326387
Tukuran,907330000,907300000,900000000,130.26415934947622,0,0,0,FALSE,FALSE,NA,249.34866333007812,38282.78515625,0.013526009395718575,0.17037650687800052,3877.52978515625,12.223936378161238,3.6777272160684102
Lakewood,907333000,907300000,900000000,203.5108770810755,0,0,0,FALSE,FALSE,NA,109.13932037353516,25973.052734375,4.8588536446914077e-4,0.23320622742176056,848.93414306640625,34.577824727365815,10.518671526953
Josefina,907337000,907300000,900000000,52.21219755162619,0,0,0,FALSE,FALSE,NA,171.4777374267578,10560.2041015625,0.036337438970804214,0.13980711135822135,2751.84912109375,33.85648488297151,0.06744169119925868
Pitogo,907338000,907300000,900000000,74.27088030102661,0,0,0,FALSE,FALSE,NA,240.4365997314453,21030.73828125,0.010963424108922482,0.16429412714861727,4154.38916015625,43.98970379982134,40.565139500530194
Sominot,907340000,907300000,900000000,112.57246757505621,0,0,0,FALSE,FALSE,NA,144.9575653076172,19243.255859375,0,0,1548.017822265625,24.921187922591542,11.18824751741009
Vincenzo A. Sagun,907341000,907300000,900000000,62.23108954300648,0,0,0,FALSE,FALSE,NA,263.0110778808594,19283.525390625,0,0,3337.37890625,46.56003200256336,25.600791092598495
Guipos,907343000,907300000,900000000,97.03623326334319,0,0,0,FALSE,FALSE,NA,176.51341247558594,20186.615234375,0.01311980839818716,0.09817640462702049,3845.314453125,18.578762276399594,8.59389030943045
Tigbao,907344000,907300000,900000000,124.52146876454165,0,0,0,FALSE,FALSE,NA,138.6068115234375,20347.46875,0,0,1954.022216796875,22.8881785163447,0.40707070363431014
Alicia,908301000,908300000,900000000,146.38467776229103,0,0,0,FALSE,FALSE,NA,200.84840393066406,34649.953125,0,0,2421.513916015625,68.32833431453484,13.57095553064574
Buug,908302000,908300000,900000000,153.58810454761795,0,0,0,FALSE,FALSE,NA,221.04910278320312,40027.23046875,0.04008055478334427,0.13812750818701985,4092.53076171875,46.64438574328074,2.7814363226246854
Diplahan,908303000,908300000,900000000,124.3412738141445,0,0,0,FALSE,FALSE,NA,234.7744598388672,34423.2421875,0.03153824433684349,0.14014721625170962,4625.11328125,55.40338309316138,8.404444574235951
Imelda,908304000,908300000,900000000,84.72868697444451,0,0,0,FALSE,FALSE,NA,478.3055725097656,47773.90625,0.033631522208452225,0.11059015455135902,5665.8212890625,60.959168504415864,0.058453054244451096
Ipil,908305000,908300000,900000000,158.27922669708056,0,0,0,FALSE,FALSE,NA,445.1131896972656,83066.4296875,0.1566447615623474,0.0857549596933697,10114.984375,98.2783160514891,0.1280166532764232
Kabasalan,908306000,908300000,900000000,321.0941477206673,0,0,0,FALSE,FALSE,NA,116.66223907470703,44186.77734375,0.040587007999420166,0.1404302814242971,1989.392578125,70.45531253261528,8.932831237691229
Mabuhay,908307000,908300000,900000000,79.99749042648887,0,0,0,FALSE,FALSE,NA,357.3914794921875,33685.7421875,0,0,2560.2509765625,78.48016033605889,28.107305714992346
Malangas,908308000,908300000,900000000,121.23306247328146,0,0,0,FALSE,FALSE,NA,215.20823669433594,30720.1640625,0.04690712317824364,0.083007708063405225,3046.545166015625,54.84423565035123,5.977483321675139
Naga,908309000,908300000,900000000,151.9605405653472,0,0,0,FALSE,FALSE,NA,200.91201782226562,36016.26953125,0.039218682795763016,0.14834370442116948,2957.38671875,82.7839194100844,3.6829480368191154
Olutanga,908310000,908300000,900000000,65.49949571993733,0,0,0,FALSE,FALSE,NA,328.404541015625,25342.978515625,0,0,3739.217041015625,88.59354103907188,35.8468540198922
Payao,908311000,908300000,900000000,192.46365798420172,0,0,0,FALSE,FALSE,NA,149.87310791015625,34003.04296875,0,0,2041.1173095703125,72.99077185162496,10.970060444305881
Roseller Lim,908312000,908300000,900000000,211.53313788880408,0,0,0,FALSE,FALSE,NA,141.56735229492188,35324.5234375,0.02924214117228985,0.1171318886271646,2966.55810546875,95.4591029224477,6.488636397625308
Siay,908313000,908300000,900000000,228.27707822420675,0,0,0,FALSE,FALSE,NA,233.34840393066406,62811.88671875,0.0221127700060606,0.09598701859179441,2667.365234375,65.10770432103715,2.1483761633168657
Talusan,908314000,908300000,900000000,46.508979084191346,0,0,0,FALSE,FALSE,NA,471.40484619140625,25831.76953125,0.004243714269250631,0.2152478246474806,3194.845947265625,83.461735667863607,31.433507091180463
Titay,908315000,908300000,900000000,297.838229484261,0,0,0,FALSE,FALSE,NA,177.80523681640625,62484.18359375,0.013217931613326073,0.08989213726441737,3147.86328125,103.97156153947726,5.268720624496027
Tungawan,908316000,908300000,900000000,344.4293197510684,0,0,0,FALSE,FALSE,NA,118.02848815917969,47934.37109375,0.006289422512054443,0.13720546190572003,1714.233154296875,79.23682980417134,2.7215103222008215
City of Isabela,990101000,990100000,900000000,219.9232958214124,0,0,0,FALSE,FALSE,NA,434.4500427246094,112482.546875,0.1011107861995697,0.09034282233081792,5342.49853515625,31.134321747534205,2.3714298872142643
